County,Fed. Lean,State Lean,16,20,24,17,21,boosts,21votes,pct,Lean,preprocessed,prediction,swingunformatted,Forecast,Swing
Accomack,-19.28345584545785,-19.958166146627388,-12.02767082164067,R+9.5,R+13.4,-8.10403316999623,R+22.8,-3.0,12897,0.003920740067428,R+19.5,-12.662562128192608,-12.643513583800429,0.7716217417441023,R+12.6,D+0.8
Albemarle,27.29743905731179,25.209620423002438,26.777431374039995,D+34.2,D+34.6,28.95806436188017,D+25.0,1.0,51443,0.015638879684322,D+26.8,37.56505569129208,37.58410423568426,2.9811129905480698,D+37.6,D+3.0
Alexandria,53.40698626963675,52.42222041650249,62.32648489231075,D+64.0,D+58.9,58.14996712943269,D+51.6,3.0,58330,0.017732555488337,D+53.2,65.9503660989108,65.96941464330298,7.05154320343965,D+66.0,D+7.1
Alleghany,-53.712268004431856,-46.22393304361626,-38.465909090909086,R+44.6,R+48.5,-32.29500687127806,R+49.8,0.0,6079,0.001848040541978,R+51.8,-42.05061297167033,-42.031564427278155,6.451437887818713,R+42.0,D+6.5
Amelia,-49.603600104816536,-47.18374239866226,-37.741369221767116,R+38.2,R+44.6,-38.63984255412202,R+49.0,1.0,6362,0.001934073684499,R+49.0,-38.20906438572034,-38.19001584132816,6.390710066056066,R+38.2,D+6.4
Amherst,-42.216922052610784,-39.91026143523567,-31.551164049810502,R+32.1,R+36.8,-28.018313924554594,R+42.8,0.0,13706,0.004166679333502,R+41.6,-31.850685605709376,-31.831637061317196,4.933839614473378,R+31.8,D+4.9
Appomattox,-57.01573990251503,-59.70566818111533,-47.71258723184285,R+47.0,R+51.4,-52.0796719390744,R+61.2,0.0,7440,0.002261790036572,R+57.7,-47.89865067960747,-47.87960213521529,3.536724822033591,R+47.9,D+3.5
Arlington,54.421523514366584,55.37800240770095,64.01846669399832,D+65.0,D+59.9,61.43241545263807,D+54.4,3.0,95231,0.02895060846408,D+54.7,67.4502145302578,67.46926307464997,7.611223303505142,D+67.5,D+7.6
Augusta,-54.92972541661731,-55.38125522098518,-52.37623762376238,R+47.8,R+48.0,-48.12233836624081,R+56.7,0.0,33613,0.010218487701517,R+55.0,-45.253036575151654,-45.23398803075948,2.7355319546393204,R+45.2,D+2.7
Bath,-58.933323525935975,-54.72195894638098,-43.93305439330544,R+47.9,R+54.1,-38.48257006151743,R+59.1,0.0,1947,0.000591895860377,R+57.9,-48.090911088489605,-48.07186254409743,6.062302822517232,R+48.1,D+6.1
Bedford,-57.18666805264467,-57.28384189447315,-51.67586019244565,R+49.0,R+50.8,-49.306916321939184,R+58.9,0.0,39079,0.011880173768708,R+57.2,-47.421390220544154,-47.40234167615198,3.3660349176098023,R+47.4,D+3.4
Bland,-76.67158224519258,-70.70226793878001,-70.05948446794447,R+69.0,R+70.2,-62.4031007751938,R+72.4,0.0,2651,0.000805914702547,R+75.2,-65.38968237603181,-65.37063383163964,4.8735456118583755,R+65.4,D+4.9
Botetourt,-52.424012419960185,-51.93384954988292,-49.700598802395206,R+45.2,R+45.5,-44.90059802812348,R+53.2,0.0,17125,0.005206069136598,R+52.3,-42.51190040988324,-42.49285186549106,3.0186400049893436,R+42.5,D+3.0
Bristol,-46.941894072976055,-46.825508072132244,-45.44373420544076,R+39.6,R+39.9,-41.52542372881356,R+47.5,0.0,5147,0.001564708779333,R+46.9,-37.123226280207476,-37.1041777358153,2.8258168791550844,R+37.1,D+2.8
Brunswick,3.851800207124006,6.525507661455243,19.064700411850673,D+15.1,D+8.6,15.154073448712538,D+4.7,1.0,6084,0.001849560562164,D+4.5,15.309798363264443,15.328846907656622,6.7522282492940935,D+15.3,D+6.8
Buchanan,-76.31104286674,-66.39996676155273,-61.82765886658533,R+67.9,R+70.8,-52.915096430946576,R+69.8,0.0,6000,0.001824024223042,R+73.8,-64.04370254788556,-64.02465400349338,6.816749052241505,R+64.0,D+6.8
Buckingham,-27.66360939280186,-25.215345534381026,-11.613450127154563,R+13.4,R+23.7,-15.651030249890399,R+27.3,1.0,6153,0.001870536840729,R+27.1,-16.261972135639024,-16.242923591246843,7.483943032875686,R+16.2,D+7.5
Buena Vista,-49.95613817490569,-47.27102398702723,-34.715025906735754,R+38.6,R+45.3,-34.65101914762199,R+50.4,0.0,1963,0.000596759924972,R+49.3,-39.49528833537845,-39.47623979098627,5.777150644417013,R+39.5,D+5.8
Campbell,-54.9328516706469,-56.01565758516656,-49.1588785046729,R+44.9,R+49.0,-48.68069278158782,R+57.4,0.0,23235,0.007063533803729,R+55.2,-45.41398185671919,-45.39493331232701,3.5734387205298503,R+45.4,D+3.6
Caroline,-14.464749065076958,-12.563394959372332,-5.265483467118345,R+4.2,R+8.9,-0.10894564822660695,R+15.6,1.0,12061,0.003666592692351,R+14.0,-3.1998392460931733,-3.180790701700994,5.715476758798204,R+3.2,D+5.7
Carroll,-70.04399525238179,-65.26802762015528,-61.29178641657843,R+63.3,R+63.6,-55.17619802463114,R+67.6,0.0,11825,0.003594847739578,R+68.9,-59.060432051767535,-59.04138350737536,4.571230786336152,R+59.0,D+4.6
Charles City,6.858908686322202,11.725451444165383,25.6797583081571,D+19.7,D+10.9,25.898480918858834,D+8.1,1.0,3387,0.001029661673907,D+8.1,18.865115668340625,18.884164212732806,8.026224198782561,D+18.9,D+8.0
Charlotte,-37.24847161580861,-38.87918454651823,-23.500177493787717,R+24.4,R+32.7,-28.657616892911008,R+41.2,0.0,4774,0.001451315273467,R+37.7,-27.86657855592839,-27.847530011536207,4.894054312697591,R+27.8,D+4.9
Charlottesville,64.17457119362624,67.82187568016644,71.62168640046019,D+74.0,D+70.0,71.52171238774757,D+67.7,1.0,17347,0.005273558032851,D+65.1,75.8759686078189,75.89501715221108,5.882332902550061,D+75.9,D+5.9
Chesapeake,-2.715353038235503,-3.1930566662868065,-1.3311584828543037,D+6.6,D+3.8,7.4769097489066185,R+5.7,-3.0,91699,0.027876866204783,R+2.8,3.954792347309299,3.973840891701478,0.12386987168543984,D+4.0,D+0.1
Chesterfield,1.1843522041147274,-3.9438747849219356,-2.3904550352458176,D+6.8,D+9.1,0.5917058863651865,R+4.4,1.0,156277,0.047508838917381,R+0.1,10.69186674941319,10.71091529380537,1.6055063744775815,D+10.7,D+1.6
Clarke,-23.492891971462086,-23.32555076197521,-20.87655601659751,R+14.0,R+17.1,-12.758996728462376,R+25.8,3.0,7422,0.002256317963903,R+23.5,-10.661485376532738,-10.64243683214056,6.463645791899301,R+10.6,D+6.5
Colonial Heights,-40.20133904511245,-48.13169933718014,-41.1779324055666,R+33.8,R+32.7,-45.518729162580904,R+47.9,1.0,6705,0.002038347069249,R+42.2,-31.394357825571745,-31.375309281179568,1.3488869963162031,R+31.4,D+1.3
Covington,-37.455698857602165,-31.420344802570167,-19.222271321254972,R+24.2,R+33.5,-17.98344620015049,R+34.8,0.0,1793,0.000545079238652,R+35.9,-26.157289051286536,-26.138240506894356,7.357694452455242,R+26.1,D+7.4
Craig,-70.85717963459437,-65.19314303107805,-59.64192465497948,R+62.4,R+65.1,-54.38983986747653,R+67.7,0.0,2500,0.000760010092934,R+69.4,-59.65159919115767,-59.632550646765495,5.444768940863369,R+59.6,D+5.4
Culpeper,-31.115600701157675,-32.48125837859481,-26.482850104225886,R+20.3,R+25.2,-25.59457242973235,R+33.7,3.0,20214,0.006145137607427,R+31.5,-18.667443827959328,-18.648395283567147,6.590610452570516,R+18.6,D+6.6
Cumberland,-27.099420934352285,-25.77624485573819,-13.965772237481513,R+15.1,R+22.3,-16.698903932946486,R+27.7,1.0,4225,0.001284417057059,R+26.8,-15.979055622141136,-15.960007077748957,6.380418454165936,R+16.0,D+6.4
Danville,14.733944799433907,8.60274518831472,20.45528809497876,D+22.4,D+21.3,14.952589350838805,D+7.6,0.0,12864,0.003910707934201,D+13.2,22.99071618921174,23.009764733603916,1.7578371535022548,D+23.0,D+1.8
Dickenson,-68.072805541532,-57.58479302219774,-57.39588319770225,R+58.5,R+62.5,-43.86889083991806,R+61.1,0.0,4815,0.001463779438991,R+65.5,-55.66123111914082,-55.642182574748645,6.84891048496349,R+55.6,D+6.8
Dinwiddie,-27.97132068945762,-23.916393879290126,-12.730850741749924,R+16.6,R+23.3,-10.305666304216505,R+27.4,1.0,11582,0.003520974758545,R+27.0,-16.168017694358117,-16.148969149965936,7.135518617124635,R+16.1,D+7.1
Emporia,25.492998121128878,17.496172581363826,31.953428201811125,D+36.3,D+31.2,12.849162011173185,D+20.1,1.0,1832,0.000556935396102,D+23.5,34.28336302874524,34.30241157313742,3.0957541528877677,D+34.3,D+3.1
Essex,-12.781956726850025,-13.697053987925067,-2.2119638391998464,R+0.6,R+7.8,-6.309233685350664,R+15.1,1.0,4709,0.001431555011051,R+13.0,-2.2211597495611564,-2.2021112051689773,5.60519776493069,R+2.2,D+5.6
Fairfax – City,30.707014531749692,31.4288208550977,38.495796959303334,D+42.8,D+36.0,37.07864565008957,D+30.6,3.0,10142,0.003083208945015,D+30.9,43.67703740514432,43.696085949536496,7.706094166550116,D+43.7,D+7.7
Fairfax – County,28.425391936994487,28.2892195064633,33.11048875237149,D+39.2,D+34.3,31.18751524018532,D+28.4,3.0,441266,0.134146645467452,D+28.4,41.180920121919314,41.19996866631149,6.884372055883212,D+41.2,D+6.9
Falls Church,56.9753039807318,55.02383470310616,62.928741425171495,D+65.5,D+63.3,60.006693440428386,D+54.4,3.0,7026,0.002135932365182,D+56.5,69.27700795388301,69.29605649827519,6.030750375826209,D+69.3,D+6.0
Fauquier,-28.142324726813644,-29.643629996816156,-26.08695652173913,R+17.7,R+21.9,-20.629576634963385,R+31.6,3.0,33992,0.010333705231606,R+28.5,-15.728079751756646,-15.709031207364466,6.208932660377835,R+15.7,D+6.2
Floyd,-43.94902841451956,-38.36991566491611,-39.417884893981295,R+34.9,R+37.6,-28.11230144070927,R+40.7,0.0,7498,0.002279422270728,R+42.6,-32.764678934561076,-32.7456303901689,4.894878066601777,R+32.7,D+4.9
Fluvanna,-12.98188293803438,-13.071658530529195,-9.894407508799375,R+4.8,R+6.3,-6.5381666849195055,R+14.2,1.0,12454,0.00378606627896,R+13.0,-2.214755543600454,-2.1957069992082747,4.140614784169482,R+2.2,D+4.1
Franklin – City,17.231691495245954,14.908090974578794,27.86802030456853,D+25.9,D+23.0,21.133412042502954,D+13.9,-3.0,2965,0.00090137197022,D+16.7,23.440362657636793,23.459411202028974,0.43463936369781564,D+23.5,D+0.4
Franklin – County,-51.68411075247813,-48.258567776046874,-43.80082087818478,R+42.7,R+45.7,-38.82718535995856,R+50.3,0.0,23848,0.007249888278516,R+50.8,-41.03815371581268,-41.019105171420506,4.666273418657823,R+41.0,D+4.7
Frederick,-35.89278818674271,-37.16338923609775,-37.22477969222675,R+28.0,R+28.7,-30.363462259044923,R+38.4,3.0,36375,0.01105814685219,R+36.2,-23.420867156523844,-23.401818612131663,5.337879724052449,R+23.4,D+5.3
Fredericksburg,25.961430137984543,22.879028570481665,28.351353937422257,D+35.7,D+32.3,30.736782902137232,D+21.3,3.0,9035,0.002746676475864,D+25.2,37.98040103866646,37.999449583058635,5.673165595143232,D+38.0,D+5.7
Galax,-49.933788600841936,-47.00865406070856,-40.36777583187391,R+40.6,R+44.2,-38.90963405526512,R+48.6,0.0,1926,0.000585511775596,R+49.2,-39.41293367325096,-39.393885128858784,4.807671003041918,R+39.4,D+4.8
Giles,-60.73817678046594,-55.44542376973021,-50.38167938931297,R+52.3,R+54.9,-44.353859496964446,R+58.1,0.0,7389,0.002246285830676,R+59.4,-49.625417235224376,-49.6063686908322,5.273142812820623,R+49.6,D+5.3
Gloucester,-45.142416727326356,-42.53329726357107,-41.578378378378375,R+36.2,R+38.7,-30.387534958050338,R+45.5,-3.0,17391,0.005286934210486,R+44.5,-37.700565568829916,-37.68151702443774,1.0253494795706217,R+37.7,D+1.0
Goochland,-26.17608878727982,-31.241362374053338,-26.33165071950576,R+19.7,R+18.8,-25.01198351068929,R+32.3,1.0,14552,0.00442386674895,R+27.4,-16.65283589141557,-16.633787347023393,2.163902898388031,R+16.6,D+2.2
Grayson,-68.96024657212403,-63.71470737635976,-59.79425632233176,R+61.9,R+62.6,-54.33769691590859,R+65.8,0.0,6237,0.001896073179852,R+67.6,-57.85929048062533,-57.840241936233156,4.804221839086836,R+57.8,D+4.8
Greene,-32.2734964140294,-34.94892064029818,-34.06246476491149,R+24.5,R+25.0,-28.63804470172053,R+36.0,1.0,8842,0.002688003696689,R+32.9,-22.152781178038968,-22.133732633646787,2.89991474185792,R+22.1,D+2.9
Greensville,4.517362972913006,7.038167226984576,19.115250291036087,D+15.7,D+9.3,14.295652173913043,D+5.7,1.0,3638,0.001105966687238,D+5.1,15.937135328988527,15.956183873380706,6.635340782045811,D+16.0,D+6.6
Halifax,-26.482968110983645,-27.658900286423044,-16.908619962652853,R+15.2,R+21.2,-21.824167312161116,R+28.5,0.0,13522,0.004110742590662,R+26.8,-16.987379862285866,-16.968331317893686,4.227719457846796,R+17.0,D+4.2
Hampton,34.17057178133214,36.12292889610622,39.53456952747661,D+43.0,D+40.5,44.689158073881266,D+34.3,-3.0,45104,0.013711798092679,D+34.7,41.44823235258329,41.46728089697547,1.0170055487409329,D+41.5,D+1.0
Hanover,-33.545257699151186,-35.53897352507054,-34.311665423981566,R+27.3,R+26.1,-30.620209714581275,R+36.1,1.0,59064,0.017955694451622,R+34.0,-23.254115363073392,-23.23506681868121,2.8167713047455294,R+23.2,D+2.8
Harrisonburg,20.272245639870178,22.769511930119005,23.977176156367612,D+32.7,D+25.9,29.14983745443799,D+21.7,0.0,11337,0.003446493769437,D+20.9,30.686133504990014,30.705182049382195,4.828326309156253,D+30.7,D+4.8
Henrico,22.15881818706353,18.966574456767315,22.158499791926758,D+29.5,D+29.3,23.05920011256112,D+18.7,1.0,138667,0.042155327822754,D+21.4,32.15032854704711,32.16937709143929,2.854283960741565,D+32.2,D+2.9
Henry,-38.81851061168903,-38.14285602677639,-29.949585576347943,R+29.4,R+33.0,-29.77548239007245,R+39.9,0.0,18536,0.00563501883305,R+38.6,-28.860025672903244,-28.840977128511064,4.191449525485844,R+28.8,D+4.2
Highland,-51.498174595499734,-47.52471770523309,-44.16854778028593,R+44.7,R+44.9,-37.59842519685039,R+49.8,0.0,1303,0.000396117260437,R+50.5,-40.71523908037544,-40.69619053598326,4.240937193996885,R+40.7,D+4.2
Hopewell,7.118062741274354,-0.5152467017021714,9.745615054013241,D+14.9,D+13.9,1.6204134848202645,R+0.2,1.0,6276,0.001907929337302,D+5.2,15.999306673087851,16.01835521748003,2.110773342199634,D+16.0,D+2.1
Isle of Wight,-26.508384836791997,-26.474549377466982,-21.52352501867065,R+18.6,R+20.0,-14.875678765361533,R+29.3,-3.0,18673,0.005676667386143,R+26.5,-19.710354679403114,-19.691306135010933,0.27759475704242575,R+19.7,D+0.3
James City,-1.4802578340044814,-5.256985227982585,-5.446536834030338,D+4.9,D+6.3,-1.1937265858149724,R+5.5,-3.0,40091,0.012187825854327,R+2.4,4.365131610058621,4.3841801544508,-1.9099152804916644,D+4.4,R+1.9
King and Queen,-31.108192995648285,-27.25161089509498,-17.689935520044855,R+21.3,R+25.9,-14.94064674580434,R+30.3,1.0,3261,0.000991357165223,R+30.1,-19.354476177952332,-19.33542763356015,6.5332982351657165,R+19.3,D+6.5
King George,-31.717776413486593,-35.03321812173432,-29.379626365879453,R+22.0,R+25.4,-24.638502977034307,R+37.4,3.0,10701,0.003253147201795,R+32.5,-19.7570655479909,-19.73801700359872,5.616604623372314,R+19.7,D+5.6
King William,-46.815988750507046,-44.22354595923047,-36.805953062392675,R+38.4,R+40.9,-31.696579749407384,R+47.3,1.0,8572,0.002605922606652,R+46.2,-35.37830676013027,-35.359258215738095,5.554589011328524,R+35.4,D+5.6
Lancaster,-13.54439077245536,-17.194044308239626,-10.231539424280351,R+4.7,R+7.1,-12.180828798660528,R+17.8,1.0,5873,0.001785415710321,R+14.5,-3.6672328638437985,-3.6481843194516195,3.4283978713806755,R+3.6,D+3.4
Lee,-77.97429145355042,-72.67150094471805,-64.51472191930208,R+69.8,R+72.4,-60.44289397846201,R+75.7,0.0,7274,0.002211325366401,R+76.6,-66.85902253378471,-66.83997398939253,5.519688206335232,R+66.8,D+5.5
Lexington,21.85809658111287,26.37516104454154,32.80701754385965,D+32.8,D+27.1,33.98730525100981,D+24.9,0.0,2078,0.000631720389247,D+23.0,32.77693398952766,32.79598253391984,5.716336516220725,D+32.8,D+5.7
Loudoun,11.76128097977763,12.589331738439977,18.06564213090943,D+25.5,D+16.8,20.12670649198616,D+11.1,-0.5,161794,0.049186029190468,D+12.0,21.257864962000845,21.276913506393022,4.485954687672862,D+21.3,D+4.5
Louisa,-32.48275668386397,-31.133258639992565,-25.782556750298685,R+23.3,R+26.4,-22.96716520543235,R+32.8,1.0,17639,0.005362327211705,R+32.1,-21.355810880338492,-21.33676233594631,5.084894622524963,R+21.3,D+5.1
Lunenburg,-28.493396830110214,-29.302483216720837,-17.98932056711471,R+18.8,R+22.9,-19.0292333149476,R+31.7,1.0,4597,0.001397506558887,R+28.7,-17.906097134205243,-17.887048589813062,5.047789788842657,R+17.9,D+5.0
Lynchburg,-12.933800467264877,-9.996118710454661,-9.733325196802344,D+2.7,R+8.0,-4.3416166809483006,R+10.8,0.0,24901,0.00757000452966,R+12.2,-2.4098087355046953,-2.3907601911125163,5.639484303616774,R+2.4,D+5.6
Madison,-41.47645354591132,-38.223971238470156,-33.46421020839625,R+32.5,R+35.5,-26.544857318825706,R+41.1,1.0,6728,0.002045339162104,R+40.7,-29.873761676493398,-29.854713132101217,5.636864935035327,R+29.9,D+5.6
Manassas,10.299980440628161,10.393214706720993,17.181413466889257,D+24.7,D+15.1,15.18381553186861,D+9.9,3.0,11306,0.003437069644285,D+10.3,23.112860299709,23.131908844101176,8.00275755258826,D+23.1,D+8.0
Manassas Park,16.84059104442506,23.115009337879457,29.79542232124772,D+33.7,D+20.5,29.58305757776307,D+22.0,3.0,3597,0.001093502521713,D+18.4,31.19876691034629,31.21781545473847,10.736715798381084,D+31.2,D+10.7
Martinsville,17.06959806516746,14.486478305830246,24.357620556142205,D+27.0,D+22.9,18.98803046789989,D+14.1,0.0,3945,0.00119929592665,D+16.4,26.213389417890784,26.232437962282965,3.334405761925183,D+26.2,D+3.3
Mathews,-45.62913966050038,-41.00432599792061,-38.46456692913386,R+36.3,R+39.7,-29.231554761296913,R+43.9,-3.0,4881,0.001483843705444,R+44.5,-37.68336495229781,-37.66431640790563,1.9955475376726,R+37.7,D+2.0
Mecklenburg,-26.05323601006743,-29.910930671727446,-13.744596171001167,R+15.3,R+20.9,-20.248709526044113,R+32.1,0.0,12037,0.003659296595459,R+27.0,-17.228088382924806,-17.209039838532625,3.7048224646473678,R+17.2,D+3.7
Middlesex,-33.83233048574745,-31.88012875720084,-27.033575631706476,R+25.5,R+27.6,-24.93573264781491,R+33.1,1.0,5613,0.001706374660655,R+33.3,-22.554708761053167,-22.535660216660986,5.04852719183096,R+22.5,D+5.0
Montgomery,-2.853135840197297,-2.3348777066577333,1.4235055724417427,D+5.9,D+3.5,9.469491218540648,R+5.2,0.0,32795,0.009969812399109,R+2.7,7.065999985745222,7.085048530137401,3.5364510089371404,D+7.1,D+3.5
Nelson,-13.720356281239335,-9.823648133138065,-5.928853754940711,R+5.3,R+7.6,-0.08285004142502071,R+12.0,0.0,7680,0.002334751005493,R+12.7,-2.9566079516563892,-2.93755940726421,4.652206234533253,R+2.9,D+4.7
New Kent,-39.819365585798394,-41.673068478738195,-39.19753086419753,R+35.2,R+32.1,-35.33175355450237,R+42.7,1.0,12066,0.003668112712537,R+40.3,-29.493220016475714,-29.474171472083533,2.6233307849131577,R+29.5,D+2.6
Newport News,23.269584824073075,22.5584797325053,28.345947162591788,D+33.6,D+29.2,31.02496062822255,D+20.8,-3.0,54276,0.016500123121635,D+23.1,29.881379843738756,29.900428388130933,0.6813388691245734,D+29.9,D+0.7
Norfolk,36.52853968981364,38.61248331481883,45.14285714285714,D+46.6,D+42.2,49.03953308274937,D+36.2,-3.0,60061,0.018258786476684,D+37.0,43.839096888622564,43.85814543301474,1.6797256412739543,D+43.9,D+1.7
Northampton,0.5871740895532156,1.9187158088888818,9.577512203332772,D+10.8,D+6.2,14.653784219001611,R+1.3,-3.0,5264,0.001600277251682,D+0.9,7.709630811944761,7.72867935633694,1.53946627057213,D+7.7,D+1.5
Northumberland,-26.958742155499497,-28.221901115594978,-20.268381325132793,R+15.9,R+21.3,-23.798756359525157,R+28.6,1.0,6516,0.001980890306223,R+27.3,-16.48496060296574,-16.465912058573558,4.860869268207768,R+16.5,D+4.9
Norton,-50.14296609486145,-43.40464565885887,-45.44159544159544,R+41.0,R+43.9,-32.31132075471698,R+46.0,0.0,1203,0.00036571685672,R+48.5,-38.668814693303176,-38.649766148911,5.222782870696847,R+38.6,D+5.2
Nottoway,-27.194995495614315,-26.666964842618185,-13.49946491362177,R+15.1,R+22.5,-14.123222748815165,R+29.8,1.0,5416,0.001646485865332,R+27.1,-16.273416539807656,-16.25436799541548,6.261798965195929,R+16.3,D+6.3
Orange,-31.21280253209939,-31.463017238765925,-27.697536108751063,R+21.7,R+24.9,-23.055581244797928,R+33.2,3.0,16110,0.004897505038867,R+31.3,-18.485784916208395,-18.466736371816218,6.444780099732924,R+18.5,D+6.4
Page,-60.40999682292231,-56.008236513927514,-51.39681005316577,R+51.3,R+54.6,-45.66751764529209,R+58.4,3.0,9622,0.002925126845685,R+59.3,-46.51998545311598,-46.5009369087238,8.060479993329793,R+46.5,D+8.1
Patrick,-66.81284522985824,-63.37340425870962,-56.993432254925814,R+58.6,R+60.8,-54.86646352392902,R+65.1,0.0,7239,0.0022006852251,R+66.0,-56.163413694513466,-56.14436515012129,4.6945052817724005,R+56.1,D+4.7
Petersburg,68.00358653286473,72.83377442339707,78.45902612826603,D+77.3,D+73.7,76.84522340162923,D+72.6,1.0,8944,0.002719012108481,D+69.2,80.00070479805544,80.01975334244761,6.364463504199804,D+80.0,D+6.4
Pittsylvania,-49.25189851773693,-49.35167358824362,-40.174942282053784,R+40.3,R+43.4,-40.81192189105858,R+51.1,0.0,25950,0.007888904764655,R+49.3,-39.487270992805975,-39.4682224484138,3.9155399745417583,R+39.5,D+3.9
Poquoson,-53.542592303397456,-54.517486749557634,-52.15897206036158,R+46.4,R+46.5,-45.587927059316705,R+56.4,-3.0,6298,0.001914617426119,R+53.8,-46.99674462237988,-46.9776960779877,-0.4945542671529992,R+47.0,R+0.5
Portsmouth,32.86579572390677,34.14013110829194,38.02673641383319,D+41.6,D+39.2,42.329555484941565,D+32.5,-3.0,29833,0.009069352441,D+33.2,39.973950862560685,39.99299940695286,0.8151058087622829,D+40.0,D+0.8
Powhatan,-51.57765612648246,-52.88500202614891,-49.07494512386328,R+45.1,R+44.5,-45.28816542014958,R+54.4,1.0,16371,0.004976850092569,R+51.9,-41.114921308841446,-41.09587276444927,3.374396458870507,R+41.1,D+3.4
Prince Edward,-7.184404891860689,-7.074260298228357,5.637367694431662,D+5.7,R+2.6,3.0953658972982643,R+9.4,1.0,7125,0.002166028764862,R+7.2,3.632702549105022,3.651751093497201,6.258767508044997,D+3.7,D+6.3
Prince George,-27.149807807370724,-28.135308571515512,-17.578325629173086,R+17.4,R+21.5,-18.5795566019227,R+30.3,1.0,13222,0.00401954137951,R+27.4,-16.606611705849293,-16.587563161457112,4.913125227712232,R+16.6,D+4.9
Prince William,13.70756200346328,16.263143784690676,22.407161983068725,D+27.5,D+18.5,23.46069563211573,D+14.9,3.0,153218,0.046578890567667,D+14.3,27.136028741327756,27.155077285719933,8.664671513369925,D+27.2,D+8.7
Pulaski,-50.97437880407274,-47.50786456340467,-42.43135090382227,R+42.2,R+45.0,-39.159634923368344,R+49.2,0.0,13005,0.003953572503443,R+50.1,-40.3181789513481,-40.299130406955925,4.6957448919849725,R+40.3,D+4.7
Radford,-4.241790693680129,-4.855666960732963,5.159086823656301,D+9.3,D+0.5,11.782945736434108,R+9.3,0.0,4194,0.001274992931906,R+4.4,5.3943115321142905,5.4133600765064696,4.884424171092655,D+5.4,D+4.9
Rappahannock,-24.16697323860828,-17.662094561752863,-18.478768082127857,R+14.6,R+18.1,-8.71165644171779,R+19.6,3.0,4217,0.001281985024761,R+22.5,-9.751182276836797,-9.732133732444618,8.365779590187808,R+9.7,D+8.4
Richmond – City,61.418408770809975,60.12429376802278,67.8211482858323,D+69.5,D+67.8,65.119685957701,D+59.5,1.0,80142,0.024363491547168,D+61.1,71.8844513126708,71.90349985706298,4.132036703050261,D+71.9,D+4.1
Richmond – County,-35.747886210576624,-37.7839407868389,-24.325842696629213,R+25.5,R+30.4,-25.605095541401273,R+40.8,1.0,3183,0.000967644850324,R+36.3,-25.467328562084564,-25.448280017692383,4.967580717317286,R+25.4,D+5.0
Roanoke – City,17.44425001459073,18.13571011547798,20.221173297370196,D+26.3,D+24.0,25.882696235774734,D+16.6,0.0,29147,0.008860805671499,D+17.6,27.40668633237017,27.42573487676235,3.463688831102008,D+27.4,D+3.5
Roanoke – County,-29.78287805486204,-30.94356775729479,-29.22975641869651,R+22.2,R+22.7,-24.01946062826596,R+32.2,0.0,42859,0.013029309029224,R+30.1,-20.283479187912597,-20.26443064352042,2.462032506125148,R+20.3,D+2.5
Rockbridge,-40.328589297950074,-35.67787993819551,-31.13466823714173,R+32.9,R+34.1,-24.200331336816618,R+38.4,0.0,10024,0.003047336468628,R+39.2,-29.376340665453807,-29.357292121061626,4.7573737009212635,R+29.4,D+4.8
Rockingham,-45.46986139608465,-50.266440262177824,-47.018893539993215,R+41.2,R+37.4,-43.37837296018604,R+51.5,0.0,35539,0.010803999477113,R+46.7,-36.87943482005032,-36.86038627565814,0.5824031060511032,R+36.9,D+0.6
Russell,-73.26007420998513,-66.97800671899775,-60.678423761707876,R+64.2,R+67.8,-54.70676691729324,R+70.0,0.0,9701,0.002949143164621,R+71.7,-61.89998604468066,-61.88093750028848,5.8815856908061335,R+61.9,D+5.9
Salem,-26.697655349940433,-28.538647403794567,-26.46132306615331,R+19.8,R+19.5,-22.425742574257427,R+29.5,0.0,9556,0.002905062579231,R+27.2,-17.36833207084634,-17.34928352645416,2.118654348372843,R+17.3,D+2.1
Scott,-76.81974739819918,-72.70171537789989,-67.82661782661783,R+68.5,R+70.8,-64.21294774893197,R+74.5,0.0,8131,0.002471856826259,R+75.8,-66.00066810056673,-65.98161955617455,4.797542185802001,R+66.0,D+4.8
Shenandoah,-49.32006218785478,-48.53173417062198,-45.546548252181545,R+41.3,R+42.7,-40.20681265206812,R+50.2,3.0,18346,0.005577258065987,R+49.1,-36.33340889098895,-36.31436034659677,6.377006887851401,R+36.3,D+6.4
Smyth,-66.52947363119318,-63.997762198726136,-57.06806282722513,R+56.9,R+60.8,-55.513114336643746,R+65.8,0.0,10269,0.003121817457736,R+65.9,-56.1069744805188,-56.087925936126624,4.752504051308804,R+56.1,D+4.8
Southampton,-30.35032438051853,-27.80236522288758,-16.685979142526072,R+18.2,R+25.7,-16.986706056129986,R+30.3,-3.0,7834,0.002381567627218,R+29.7,-22.923763298553165,-22.904714754160985,2.7843927363605836,R+22.9,D+2.8
Spotsylvania,-15.69410478665349,-19.34826781577936,-17.705252422233556,R+6.9,R+8.7,-12.687757909215955,R+20.5,3.0,54279,0.016501035133747,R+16.6,-3.818074251377329,-3.79902570698515,4.867521726521073,R+3.8,D+4.9
Stafford,-6.185334183585222,-10.27437571436581,-9.647759647759647,D+3.3,D+0.8,-5.262371056959187,R+10.9,3.0,57603,0.017511544553312,R+7.2,5.58197672627726,5.601025270669439,4.792149632244181,D+5.6,D+4.8
Staunton,5.439834302160307,4.181925645039038,1.910949742021785,D+10.1,D+13.6,8.60056353146384,D+3.8,0.0,9771,0.002970423447223,D+5.1,14.914928430437618,14.933976974829797,1.3662881191828262,D+14.9,D+1.4
Suffolk,9.461301592604407,7.182465148345465,12.774306060165674,D+17.6,D+16.1,17.695793796912618,D+4.7,-3.0,36716,0.011161812228866,D+8.9,15.6811637740973,15.700212318489479,-0.39760778813367814,D+15.7,R+0.4
Surry,-4.848451823585778,2.277811671607509,11.07308726472745,D+8.4,R+0.7,13.328776486671224,R+0.3,-3.0,3536,0.001074958275446,R+3.1,3.7226853427701716,3.7417338871623507,4.403683213800105,D+3.7,D+4.4
Sussex,0.05455493552007873,3.301369112582438,16.700445885691124,D+12.0,D+4.5,12.277470841006753,D+1.4,1.0,4025,0.001223616249624,D+0.9,11.655829772343298,11.674878316735477,7.210776280117496,D+11.7,D+7.2
Tazewell,-75.60066479754306,-72.83950711992125,-67.94552399933565,R+67.8,R+69.3,-66.95912263210369,R+73.7,0.0,13910,0.004228696157085,R+74.9,-65.12080408557999,-65.10175554118781,4.200711405775351,R+65.1,D+4.2
Virginia Beach,-3.9574518876524736,-5.602406181430458,-3.8001437206746416,D+5.5,D+2.7,5.034185669683437,R+8.1,-3.0,162197,0.049308542817449,R+4.4,2.420880831460659,2.439929375852838,-0.2457241539331374,D+2.4,R+0.2
Warren,-44.4395576844921,-42.00436777699683,-38.98004958092315,R+36.1,R+38.1,-31.04862331575864,R+44.6,3.0,15719,0.004778639460332,R+43.8,-31.04118891506066,-31.02214037066848,7.032543627538601,R+31.0,D+7.0
Washington,-60.365583918015666,-57.62590338912155,-55.34917380291883,R+53.2,R+53.7,-50.732307692307685,R+58.9,0.0,21996,0.006686872801671,R+59.7,-49.89109249323451,-49.87204394884233,3.787243696143463,R+49.9,D+3.8
Waynesboro,-12.804751086432544,-14.51300644826076,-12.107413893753648,R+5.2,R+5.8,-8.469898223218907,R+15.5,0.0,7856,0.002388255716036,R+13.2,-3.4422436343319696,-3.4231950899397905,2.3491480138185263,R+3.4,D+2.3
Westmoreland,-19.471016526707167,-19.037522091350016,-7.387735393529696,R+8.3,R+14.4,-7.970604861503674,R+21.7,3.0,7620,0.002316510763263,R+19.4,-6.573071625310252,-6.554023080918073,7.854210195239732,R+6.6,D+7.9
Williamsburg,38.01374488912532,32.640965063753896,46.01037722619549,D+41.9,D+45.2,42.80237684493004,D+30.3,-3.0,4931,0.001499043907303,D+36.7,43.46012122534009,43.479169769732266,-1.7096558898642158,D+43.5,R+1.7
Winchester,3.1115829057665305,2.891920225665878,3.7572835041189476,D+11.7,D+9.9,9.177118384827164,D+1.9,3.0,8496,0.002582818299827,D+3.1,15.846238528298995,15.865287072691174,5.958777080410533,D+15.9,D+6.0
Wise,-70.02400484482745,-66.16372247066899,-63.46791100290796,R+62.2,R+63.6,-55.26932084309133,R+68.7,0.0,11551,0.003511550633392,R+69.1,-59.2693629587302,-59.25031441433802,4.370798760426823,R+59.3,D+4.4
Wythe,-65.95328897378582,-61.622361431489644,-56.772784019975035,R+57.7,R+59.9,-49.87551867219917,R+64.5,0.0,11565,0.003515806689913,R+64.9,-55.08098579565414,-55.061937251261966,4.852024422574559,R+55.1,D+4.9
York,-13.873605164918903,-17.079254826319218,-18.337730870712402,R+6.7,R+6.2,-11.591148577449948,R+17.8,-3.0,29841,0.009071784473298,R+14.7,-7.885446287711353,-7.866397743319174,-1.6487546042551529,R+7.9,R+1.6
