Election,datawrapper,State,Democrat,Republican,Democratic Funds,Republican Funds,Funds Boost,Incumbent Boost,Polling Average,Two-Party Margin,Race Rating,Dem. Probability,G.O.P Probability,2024 to 2026 Swing,margin2
AK-01,AK-AL,AK,Matthew Damian Schultz,Nicholas Begich,0.0,1550037.65,R+5.2,D+5.5,N/A,R+7.2,Likely R,24.577746359021212,75.4222536409788,D+6.5,-7.210507030461726
AK-SEN,AK,AK,Mary Peltola,Dan Sullivan,196549.095,3095928.995,R+3.8,R+1.1,D+1.4,R+12.3,Likely R,11.960357852806771,88.03964214719323,D+1.4,-12.338019603199344
AL-01,AL-01,AL,Clyde W Jones,Felix Barry Moore,50.0,624851.13,R+3.9,R+0.8,N/A,R+50.9,Safe R,6.129214451533356e-05,99.99993870785549,D+4.8,-50.8566924292068
AL-02,AL-02,AL,Shomari C Figures,Generic Republican,426372.675,0.0,D+10.0,D+0.5,N/A,D+17.6,Safe D,95.36679955679091,4.633200443209091,D+9.3,17.627026912684283
AL-03,AL-03,AL,Victor Lee Mcinnis,Michael Rogers,1466.1950000000002,1889772.8900000001,R+5.4,R+10.0,N/A,R+49.1,Safe R,0.00013795559957174592,99.99986204440043,R+2.1,-49.14346489994638
AL-04,AL-04,AL,Amanda Noelle Pusczek,Robert B Rep Aderholt,0.0,956440.3200000001,R+4.5,R+10.0,N/A,R+69.6,Safe R,1.6060264229622285e-09,99.99999999839397,R+1.8,-69.56956236082036
AL-05,AL-05,AL,Andrew Rankin Guyton Sneed,Dale Whitney Strong,149331.57,820637.945,R+2.2,R+10.0,N/A,R+31.6,Safe R,0.12872213045534742,99.87127786954466,R+1.2,-31.6000727802909
AL-06,AL-06,AL,Keith Ross Pilkington,Gary Palmer,0.0,405879.29,R+3.3,R+1.1,N/A,R+36.2,Safe R,0.02816542258140489,99.97183457741859,D+3.4,-36.152155508677765
AL-07,AL-07,AL,Terri A Sewell,Generic Republican,2543659.945,0.0,D+10.0,D+2.0,N/A,D+35.6,Safe D,99.96584667050759,0.0341533294924119,D+11.4,35.6028009403223
AL-SEN,AL,AL,Kyle Sweetser,Steven T Marshall,76834.795,546432.525,R+2.3,D+2.7,N/A,R+25.1,Safe R,0.8264736191558218,99.17352638084418,D+5.8,-25.127519022794246
AR-01,AR-01,AR,Samuel Goodman Baker,Eric Alan Rick Crawford,0.0,719989.55,R+4.1,R+1.8,N/A,R+46.3,Safe R,0.0005103696005537187,99.99948963039945,R+0.1,-46.25805830598663
AR-02,AR-02,AR,Chris Jones,James French Hill,135506.18,2444987.715,R+3.9,R+1.2,N/A,R+16.2,Likely R,6.086159759573463,93.91384024042654,R+0.3,-16.223074731467594
AR-03,AR-03,AR,Robb Ryerse,Stephen A The Hon Womack,25015.989999999998,1528869.5550000002,R+4.6,R+3.6,N/A,R+28.2,Safe R,0.36070015400479366,99.63929984599521,R+2.6,-28.165351805143633
AR-04,AR-04,AR,James Richard Russell,Bruce Westerman,0.0,2411690.2,R+5.8,R+3.0,N/A,R+41.4,Safe R,0.003934539359956505,99.99606546064004,R+0.7,-41.39002725105942
AR-SEN,AR,AR,Hallie Shoffner,Thomas Cotton,434130.615,6142138.245,R+3.8,R+10.0,N/A,R+35.5,Safe R,0.03500901145747016,99.96499098854252,R+4.2,-35.53174189628838
AZ-01,AZ-01,AZ,Jonathan Treble,David S Schweikert,1015238.505,1348729.405,R+0.4,R+0.4,N/A,D+0.5,Toss-up,51.88742422414778,48.11257577585222,D+3.6,0.4961366766240801
AZ-02,AZ-02,AZ,Jonathan Michael Nez,Eli Crane,663555.75,3417757.895,R+2.4,D+3.0,N/A,R+8.3,Likely R,21.37931245013846,78.62068754986154,D+6.8,-8.316354907088689
AZ-03,AZ-03,AZ,Yassamin Ansari,Generic Republican,604580.295,0.0,D+10.0,D+2.3,N/A,D+51.0,Safe D,99.99994315067097,5.6849329027386375e-05,D+10.7,51.012888863607515
AZ-04,AZ-04,AZ,Greg Stanton,M Zuhdi Jasser,1235881.59,107628.79000000001,D+3.1,D+0.3,N/A,D+12.5,Likely D,88.43194716407397,11.568052835926025,D+5.8,12.546517080107275
AZ-05,AZ-05,AZ,Christopher Lee James,Andy Biggs,39151.065,275552.35,R+1.9,R+0.4,N/A,R+17.7,Safe R,4.577322839509664,95.42267716049034,D+2.5,-17.687686465944214
AZ-06,AZ-06,AZ,Joanna Mendoza,Juan Ciscomani,1474292.8599999999,1974830.26,R+0.4,R+0.9,N/A,D+2.1,Toss-up,57.81038653596748,42.18961346403252,D+2.8,2.065595765295624
AZ-07,AZ-07,AZ,Adelita Grijalva,Daniel Butierez,1510429.91,206144.925,D+2.7,D+2.4,N/A,D+32.6,Safe D,99.90661866338945,0.09338133661054826,D+10.2,32.607070676474855
AZ-08,AZ-08,AZ,Bernadette Greene-Placentia,Abraham Hamadeh,0.0,510791.64,R+3.6,D+1.7,N/A,R+12.7,Likely R,11.331441567179942,88.66855843282006,D+3.8,-12.674705253300381
AZ-09,AZ-09,AZ,Danielle Sterbinsky,Paul Gosar,3760.51,249827.75,R+2.6,D+0.2,N/A,R+27.3,Safe R,0.4561128774396542,99.54388712256035,D+4.0,-27.333406657953205
CA-01,CA-01,CA,James Salegui,Doug Lamalfa,6105.325000000001,628928.27,R+3.7,R+2.9,N/A,D+13.6,Likely D,90.24574090141502,9.754259098584981,D+1.0,13.582448771183508
CA-02,CA-02,CA,Jared Huffman,Generic Republican,918275.075,0.0,D+10.0,R+0.7,N/A,D+32.1,Safe D,99.88835930354463,0.11164069645536756,D+6.6,32.05007965832686
CA-03,CA-03,CA,Amerish Bera,Kevin Kiley,1340389.975,1242417.445,D+0.1,R+3.6,N/A,D+13.1,Likely D,89.38712570040545,10.612874299594552,D+2.5,13.076129562593982
CA-04,CA-04,CA,Mike Thompson,Sharon Brown,1748656.275,4265.15,D+5.3,D+0.8,N/A,D+23.2,Safe D,98.65560964671482,1.3443903532851778,D+8.2,23.20006420782984
CA-05,CA-05,CA,Michael Masuda,Thomas Mcclintock,41416.045,474171.21,R+2.6,R+2.9,N/A,R+19.0,Safe R,3.506338663992293,96.4936613360077,D+2.2,-18.985411975190804
CA-06,CA-06,CA,Tyler Isaac Vandenberg,Raymond Riehle,10265.43,40288.815,R+0.6,D+0.7,N/A,D+13.7,Likely D,90.49500812650943,9.504991873490567,D+5.1,13.735521195076076
CA-07,CA-07,CA,Doris Matsui,Heath Fulkerson,516405.495,0.0,D+3.6,D+1.9,N/A,D+21.7,Safe D,98.07057277788812,1.9294272221118831,D+8.4,21.684295470013325
CA-08,CA-08,CA,John Garamendi,Rudy Recile,877445.03,2941.96,D+4.3,D+2.2,N/A,D+45.2,Safe D,99.99918185486065,0.000818145139348303,D+10.0,45.17581246792379
CA-09,CA-09,CA,Josh Harder,James H Shoemaker,2229754.5549999997,19986.329999999998,D+5.2,D+2.7,N/A,D+23.7,Safe D,98.82241774329026,1.1775822567097407,D+11.9,23.737025137338765
CA-10,CA-10,CA,Mark Desaulnier,Katherine Piccinini,582351.515,6078.07,D+3.6,R+0.4,N/A,D+41.4,Safe D,99.99605382681264,0.003946173187358681,D+6.6,41.3826158433813
CA-11,CA-11,CA,Nancy Pelosi,David L Ganezer,3458044.46,3.66,D+6.4,R+2.8,N/A,D+77.6,Safe D,99.99999999999352,6.480149750132114e-12,D+7.0,77.64142194398659
CA-12,CA-12,CA,Lateefah Simon,Heath Vincent Fulkerson,731323.1,0.0,D+4.1,D+10.0,N/A,D+91.6,Safe D,100.0,0.0,D+14.0,91.61734476795657
CA-13,CA-13,CA,Adam C Gray,Vin Kruttiventi,1418791.225,410512.02,D+1.7,D+2.8,N/A,D+11.5,Likely D,86.4504480226036,13.549551977396405,D+11.0,11.539355245769565
CA-14,CA-14,CA,Eric Michael Swalwell,Wendy Fiona Huang,1509810.4,0.0,D+5.2,D+0.0,N/A,D+45.2,Safe D,99.99920454768233,0.0007954523176749717,D+9.0,45.240985261988314
CA-15,CA-15,CA,Kevin Mullin,Anna Kramer,391221.22000000003,7037.73,D+3.1,R+0.8,N/A,D+57.4,Safe D,99.99999776736837,2.2326316297949234e-06,D+7.7,57.3557838960862
CA-16,CA-16,CA,Sam T Liccardo,Generic Republican,1811184.3199999998,0.0,D+10.0,D+10.0,N/A,D+64.5,Safe D,99.99999996089464,3.91053589510193e-08,D+14.6,64.45403997153653
CA-17,CA-17,CA,Rohit Khanna,Ritesh Tandon,11235823.98,50.0,D+8.1,R+1.3,N/A,D+50.8,Safe D,99.99993724449233,6.275550767043114e-05,D+10.1,50.80762335041046
CA-18,CA-18,CA,Zoe Lofgren,Zakaria Mohamed Kortam,844037.88,0.0,D+4.3,R+0.1,N/A,D+39.2,Safe D,99.99066118919855,0.009338810801452269,D+9.8,39.1667073137686
CA-19,CA-19,CA,Jimmy Panetta,Peter Coe Verbica,2806502.5999999996,27743.695,D+5.4,D+2.1,N/A,D+44.9,Safe D,99.99909078303074,0.000909216969262161,D+9.3,44.930504086787536
CA-20,CA-20,CA,Sandra Van Scotter,Vince Fong,0.0,835752.2250000001,R+4.3,R+10.0,N/A,R+37.1,Safe R,0.019743174003727562,99.98025682599628,R+4.2,-37.145941335910834
CA-21,CA-21,CA,Jim Costa,Lorenzo Rios,518060.93999999994,84554.015,D+2.2,D+0.7,N/A,D+15.0,Likely D,92.41259390281039,7.587406097189614,D+8.9,15.025963269515309
CA-22,CA-22,CA,Randy Villegas,David Valadao,357372.69,1591014.38,R+2.1,R+0.5,N/A,D+5.8,Lean D,70.8500107954722,29.1499892045278,D+7.6,5.755176393722684
CA-23,CA-23,CA,Paul Chakalian,Jay Obernolte,42607.695,973138.455,R+3.6,R+1.7,N/A,R+17.1,Likely R,5.122929763413828,94.87707023658618,D+2.8,-17.11902796914218
CA-24,CA-24,CA,Salud O Carbajal,Robert Bob J Smith,2043462.62,41392.490000000005,D+4.7,D+0.2,N/A,D+32.6,Safe D,99.90675298533871,0.09324701466128715,D+6.8,32.61152689589759
CA-25,CA-25,CA,Raul Ruiz,Joe Males,1691248.855,535586.65,D+1.6,D+5.0,N/A,D+16.6,Likely D,94.38707487847414,5.612925121525862,D+10.7,16.648071429217346
CA-26,CA-26,CA,Julia Brownley,Samuel Gallucci,848288.2250000001,138531.425,D+2.3,R+0.5,N/A,D+22.3,Safe D,98.3118618331596,1.6881381668404032,D+6.5,22.253995968700192
CA-27,CA-27,CA,George Whitesides,Jason Gibbs,1745383.31,115911.56,D+3.6,R+0.6,N/A,D+18.3,Safe D,95.92484530327498,4.075154696725022,D+8.2,18.26146173105682
CA-28,CA-28,CA,Judy Chu,April Verlato,2275757.5949999997,7666.325,D+5.5,D+1.5,N/A,D+35.4,Safe D,99.9635704476187,0.03642955238130696,D+9.3,35.41726339475253
CA-29,CA-29,CA,Luz Rivas,Margarita Maria Carranza,398181.355,117.5,D+3.3,D+2.4,N/A,D+46.5,Safe D,99.99954192039559,0.0004580796044137969,D+11.8,46.502702010872454
CA-30,CA-30,CA,Laura Friedman,Dennis F Feitosa,534442.21,0.0,D+3.7,R+2.2,N/A,D+47.6,Safe D,99.99971731287566,0.00028268712433998644,D+6.2,47.58108166289142
CA-31,CA-31,CA,Gilbert Cisneros,Erskine Lincoln Levi,253016.15,0.0,D+2.7,D+1.3,N/A,D+22.8,Safe D,98.51735264531672,1.4826473546832801,D+10.2,22.797026648498814
CA-32,CA-32,CA,Brad Sherman,Larry Thompson,2556039.8049999997,5433.56,D+5.8,D+0.5,N/A,D+35.0,Safe D,99.957303414657,0.04269658534299481,D+9.2,34.95713338240609
CA-33,CA-33,CA,Pete Aguilar,Generic Republican,3543757.87,0.0,D+10.0,D+4.4,N/A,D+24.0,Safe D,98.90687068273465,1.0931293172653511,D+13.9,24.034542521568135
CA-34,CA-34,CA,Jimmy Gomez,Generic Republican,422359.185,0.0,D+10.0,D+10.0,N/A,D+69.5,Safe D,99.99999999828184,1.7181633893414983e-09,D+16.4,69.4651497550739
CA-35,CA-35,CA,Norma Torres,Mike Cargile,429239.72500000003,2320.935,D+3.3,D+3.3,N/A,D+20.1,Safe D,97.2323384124924,2.767661587507604,D+12.1,20.08613590428322
CA-36,CA-36,CA,Ted Lieu,Leah Melissa Toomim,1018394.74,18546.510000000002,D+4.1,R+0.8,N/A,D+47.5,Safe D,99.99970491305481,0.0002950869451865401,D+7.1,47.486088244038534
CA-37,CA-37,CA,Sydney Kamlager-Dove,Generic Republican,356042.06,0.0,D+10.0,D+10.0,N/A,D+78.2,Safe D,99.99999999999574,4.263256414560601e-12,D+15.9,78.22097144212204
CA-38,CA-38,CA,Linda Sanchez,Generic Republican,742049.37,0.0,D+10.0,D+1.8,N/A,D+24.5,Safe D,99.02899559766291,0.971004402337087,D+11.7,24.502294113432566
CA-39,CA-39,CA,Mark Takano,Generic Republican,578456.665,0.0,D+10.0,D+1.8,N/A,D+21.1,Safe D,97.78362146943986,2.216378530560135,D+11.2,21.08082060102279
CA-40,CA-40,CA,Esther Kim Varet,Ken Calvert,1529923.945,2130568.4,R+0.5,R+4.1,N/A,R+11.3,Likely R,14.091886882832206,85.9081131171678,D+1.3,-11.281655284648213
CA-41,CA-41,CA,Katherine Aleman,Cody Michael Wiebelhaus,153474.25,0.0,D+2.1,D+1.3,N/A,D+23.8,Safe D,98.84014491970805,1.1598550802919476,D+9.2,23.797902265180376
CA-42,CA-42,CA,Robert Garcia,Brian J Burley,929130.745,15421.419999999998,D+4.1,D+1.9,N/A,D+22.6,Safe D,98.44685552122864,1.5531444787713582,D+9.0,22.603834927367018
CA-43,CA-43,CA,Maxine Waters,Craig Geiger,373786.44499999995,0.0,D+3.2,D+0.6,N/A,D+61.5,Safe D,99.99999977523527,2.2476473304777755e-07,D+10.9,61.480434896134774
CA-44,CA-44,CA,Nanette Barragan,Generic Republican,1178478.935,0.0,D+10.0,D+4.5,N/A,D+50.7,Safe D,99.99993531183857,6.468816143012646e-05,D+14.4,50.744478378313666
CA-45,CA-45,CA,Derek Tran,Michelle Steel,1711118.905,2156133.07,R+0.3,R+0.7,N/A,D+10.5,Likely D,84.12560641299044,15.874393587009564,D+6.4,10.479018218368216
CA-46,CA-46,CA,Lou Correa,David Pan,1415032.91,25804.485,D+4.4,D+4.6,N/A,D+29.4,Safe D,99.74577664780537,0.25422335219462866,D+12.7,29.36912553676323
CA-47,CA-47,CA,Dave Min,Michael Maxsenti,1433696.3050000002,60378.685000000005,D+3.9,R+0.6,N/A,D+17.4,Safe D,95.10661261018586,4.893387389814137,D+6.9,17.35206587002089
CA-48,CA-48,CA,Brandon Riker,Darrell Issa,771075.32,1571322.925,R+1.0,R+1.6,N/A,D+6.7,Lean D,73.93498516143646,26.065014838563542,D+3.2,6.7231014513282865
CA-49,CA-49,CA,Mike Levin,Jim Desmond,1549862.855,663701.395,D+1.2,R+1.7,N/A,D+16.2,Likely D,93.84332760105853,6.156672398941467,D+3.7,16.161987764482515
CA-50,CA-50,CA,Scott Peters,Generic Republican,1713492.425,0.0,D+10.0,R+0.5,N/A,D+24.9,Safe D,99.12567655327453,0.8743234467254695,D+6.1,24.910589181098473
CA-51,CA-51,CA,Sara Jacobs,John-Samuel Etheridge Williams,597047.85,0.0,D+3.8,R+1.1,N/A,D+24.7,Safe D,99.08025677666912,0.9197432233308831,D+5.9,24.714100883878775
CA-52,CA-52,CA,Juan C Vargas,Generic Republican,285662.35,0.0,D+10.0,D+5.7,N/A,D+31.5,Safe D,99.86819555456744,0.13180444543256442,D+13.5,31.524748014045564
CO-01,CO-01,CO,Diana L Degette,Amanda Capobianco,527566.51,0.0,D+3.7,R+0.6,N/A,D+66.2,Safe D,99.99999998625199,1.3748007177127874e-08,D+8.6,66.17070983779259
CO-02,CO-02,CO,Joseph Neguse,Generic Republican,2086335.5,0.0,D+10.0,R+0.2,N/A,D+48.6,Safe D,99.99982464060686,0.00017535939313972904,D+7.7,48.62615282015692
CO-03,CO-03,CO,Alexander George Kelloff,Jeffrey Hurd,466858.72,1225512.5150000001,R+1.4,D+2.4,N/A,R+2.2,Toss-up,41.747710818305976,58.252289181694024,D+7.8,-2.184123606893738
CO-04,CO-04,CO,Eileen Laubacher,Lauren Boebert,3427519.045,615918.365,D+2.5,D+3.3,N/A,R+9.9,Likely R,17.1589972542279,82.8410027457721,D+8.8,-9.936711134962154
CO-05,CO-05,CO,Jessica Willow Killin,Jeff Crank,657810.36,766651.175,R+0.2,R+2.4,N/A,R+5.9,Lean R,28.737624912583936,71.26237508741606,D+3.5,-5.881576752337131
CO-06,CO-06,CO,Jason Crow,Khaleb Ian Dammen,1582287.055,0.0,D+5.2,D+0.4,N/A,D+29.4,Safe D,99.74531508587276,0.2546849141272389,D+9.0,29.36298983345418
CO-07,CO-07,CO,Brittany Louise Pettersen,Generic Republican,987581.5800000001,0.0,D+10.0,R+0.4,N/A,D+22.6,Safe D,98.45444805856606,1.545551941433942,D+7.2,22.624275456603826
CO-08,CO-08,CO,Manny Rutinel,Timothy Gabriel Joseph Evans,1596523.8299999998,1379550.375,D+0.2,D+0.5,N/A,D+6.2,Lean D,72.18342762044827,27.81657237955173,D+8.0,6.167058383803465
CO-SEN,CO,CO,John W Hickenlooper,Janak Joshi,3930514.5149999997,91471.18,D+5.0,R+2.3,N/A,D+16.7,Likely D,94.39025867724014,5.609741322759859,D+5.4,16.651024590209722
CT-01,CT-01,CT,John B Larson,Amy Fogelstrom Chai,867414.8049999999,793.8399999999999,D+4.3,D+1.1,N/A,D+30.7,Safe D,99.82807391001201,0.1719260899879913,D+7.4,30.668089068852705
CT-02,CT-02,CT,Joseph Courtney,Mike France,463986.94499999995,32839.215,D+2.7,D+4.2,N/A,D+16.1,Likely D,93.78509895595286,6.214901044047139,D+8.3,16.111953316893956
CT-03,CT-03,CT,Rosa L Delauro,Christopher John Lancia,640338.19,0.0,D+3.9,D+2.6,N/A,D+23.4,Safe D,98.70879395323496,1.2912060467650406,D+9.0,23.364684458641467
CT-04,CT-04,CT,Jim Himes,John J Flynn,1627606.9900000002,0.0,D+5.3,D+0.2,N/A,D+31.8,Safe D,99.88028650469964,0.1197134953003598,D+8.1,31.830082166767365
CT-05,CT-05,CT,Jahana Hayes,Michele Botelho,827074.5900000001,8966.245,D+4.0,R+0.7,N/A,D+12.1,Likely D,87.64131108071304,12.358688919286962,D+6.5,12.131198178757757
DE-01,DE-AL,DE,Sarah Elizabeth Mcbride,Donyale London Hall,1743210.685,402.03999999999996,D+5.4,D+0.5,N/A,D+25.3,Safe D,99.22006119125226,0.7799388087477439,D+10.4,25.349338996120466
DE-SEN,DE,DE,Christopher A Coons,Generic Republican,2412484.28,0.0,D+10.0,D+1.1,N/A,D+22.9,Safe D,98.55107002276694,1.448929977233064,D+7.9,22.89223295022813
FL-01,FL-01,FL,C Marcel Davis,Jimmy Patronis,0.0,2613591.8249999997,R+6.0,D+2.6,N/A,R+33.2,Safe R,0.07610569250923038,99.92389430749077,D+4.3,-33.23521451172946
FL-02,FL-02,FL,Nicholas Zateslo,Neal Patrick Dunn,109437.53,454631.32499999995,R+1.7,R+2.6,N/A,R+13.0,Likely R,10.731626231165112,89.26837376883489,D+5.3,-13.008468823107338
FL-03,FL-03,FL,Seth Allan Harp,Kat Cammack,6765.8099999999995,1141428.43,R+4.6,R+1.1,N/A,R+17.3,Safe R,4.963393369961828,95.03660663003816,D+4.0,-17.280086054672353
FL-04,FL-04,FL,Michael Kirwan,Aaron P Bean,130974.09999999999,999620.585,R+2.6,R+1.3,N/A,R+8.0,Likely R,22.345915619235733,77.65408438076426,D+4.0,-7.972871785294093
FL-05,FL-05,FL,Mark Peter Heggestad,John Rutherford,254.0,323923.125,R+3.0,R+2.4,N/A,R+18.3,Safe R,4.020317371715422,95.97968262828458,D+3.4,-18.32753124579066
FL-06,FL-06,FL,George Austin Selmont,Michael Waltz,64168.075000000004,921171.4550000001,R+3.2,R+1.5,N/A,R+26.1,Safe R,0.6421484000003187,99.35785159999968,D+4.2,-26.082342726013106
FL-07,FL-07,FL,Noah Widmann,Cory Mills,359133.14,643239.485,R+0.8,R+0.3,N/A,R+5.8,Lean R,28.96209214075938,71.03790785924062,D+6.8,-5.812666865612512
FL-08,FL-08,FL,Paul Lyal Dellinger,Mike Haridopolos,1637.9,752585.2150000001,R+4.1,R+1.1,N/A,R+18.4,Safe R,3.9558191190634,96.0441808809366,D+4.1,-18.406184067823336
FL-09,FL-09,FL,Darren Soto,Thomas E Colonel Chalifoux,416678.24,1563461.395,R+1.9,D+4.5,N/A,D+16.1,Likely D,93.7971226004286,6.202877399571406,D+12.6,16.122254874597175
FL-10,FL-10,FL,Maxwell Alejandro Frost,Stuart Ross Farber,2197991.6149999998,0.0,D+5.7,D+1.0,N/A,D+34.6,Safe D,99.95190533105666,0.04809466894333525,D+11.6,34.60854892131823
FL-11,FL-11,FL,Barbara Barbie Harden Hall,Daniel Webster,11039.11,242473.575,R+2.4,R+2.2,N/A,R+12.4,Likely R,11.781756666809496,88.2182433331905,D+3.9,-12.432330665911298
FL-12,FL-12,FL,Christopher Irizarry,Gus M Bilirakis,2390.5899999999997,527070.01,R+3.6,R+3.8,N/A,R+32.2,Safe R,0.10577198757626771,99.89422801242374,D+2.6,-32.219360024107026
FL-13,FL-13,FL,Jeffrey Moore,Anna Paulina Luna,0.0,1093557.72,R+4.7,D+1.1,N/A,R+6.9,Lean R,25.48291612809549,74.5170838719045,D+5.1,-6.912081075221588
FL-14,FL-14,FL,Kathy Castor,Robert Anthony Rocky Capt Rochford,483443.05,134274.78,D+1.6,D+3.8,N/A,D+20.5,Safe D,97.45390839238891,2.546091607611089,D+12.7,20.463987484895945
FL-15,FL-15,FL,Darren Mcauley,Laurel Lee,130887.45999999999,847026.41,R+2.4,R+0.6,N/A,R+5.4,Lean R,30.466694799517303,69.5333052004827,D+6.0,-5.356998098378022
FL-16,FL-16,FL,Jan Schneider,Vernon Buchanan,27690.615,1089903.915,R+4.0,R+1.7,N/A,R+11.4,Likely R,13.76038307300732,86.23961692699268,D+4.2,-11.438353602387673
FL-17,FL-17,FL,Allen L Spence,Greg Steube,2989.71,1254308.29,R+4.8,R+1.9,N/A,R+20.3,Safe R,2.6641101996036305,97.33588980039637,D+3.8,-20.25945383206721
FL-18,FL-18,FL,Generic Democrat,Scott Franklin,0.0,489738.145,R+10.0,R+0.6,N/A,R+23.8,Safe R,1.1481956782703977,98.8518043217296,D+5.8,-23.838383867357894
FL-19,FL-19,FL,Howard Sapp,Byron Donalds,20106.21,2210708.07,R+5.2,R+1.7,N/A,R+24.9,Safe R,0.8860170030166092,99.1139829969834,D+4.5,-24.85916252038997
FL-20,FL-20,FL,Sheila Cherfilus-Mccormick,Rodenay Joseph,172641.16,35004.25,D+1.4,D+10.0,N/A,D+57.0,Safe D,99.99999736686647,2.633133533436194e-06,D+17.1,57.04853658243145
FL-21,FL-21,FL,Pia Dandiya,Brian Mast,443821.72500000003,2402771.885,R+2.4,R+3.5,N/A,R+12.9,Likely R,10.855182184011436,89.14481781598856,D+3.7,-12.93864144973053
FL-22,FL-22,FL,Lois J Frankel,Anna Medvedeva,743674.81,95222.405,D+2.5,D+2.2,N/A,D+17.5,Safe D,95.23549767962174,4.764502320378256,D+11.9,17.48676584435541
FL-23,FL-23,FL,Jared Moskowitz,Raven Harrison,854833.9550000001,451008.385,D+0.9,D+1.5,N/A,D+12.3,Likely D,87.89336993169826,12.10663006830174,D+10.3,12.261517326203089
FL-24,FL-24,FL,Frederica S Wilson,Patricia Gonzalez,379298.66000000003,1220.1499999999999,D+3.2,D+3.2,N/A,D+45.6,Safe D,99.99932099419493,0.0006790058050683001,D+15.4,45.606125110116636
FL-25,FL-25,FL,Debbie Wasserman Schultz,Michael Carbonara,1496000.605,861010.4650000001,D+0.8,D+1.8,N/A,D+17.2,Likely D,94.93917195700635,5.0608280429936485,D+11.8,17.181240507561597
FL-26,FL-26,FL,Yurina Gil,Mario Diaz-Balart,0.0,1651541.6400000001,R+5.3,R+3.4,N/A,R+29.2,Safe R,0.26390659141951656,99.73609340858049,D+6.4,-29.242462402103943
FL-27,FL-27,FL,Richard Lamondin,Maria Elvira Salazar,300914.88,1272105.94,R+2.0,R+3.0,R+10.8,R+6.8,Lean R,25.837285158136762,74.16271484186323,D+8.2,-6.796771039620368
FL-28,FL-28,FL,Phil Ehr,Carlos Gimenez,183925.145,524666.125,R+1.3,R+1.9,N/A,R+15.5,Likely R,7.011562817092671,92.98843718290733,D+10.2,-15.46148810704107
FL-SEN,FL,FL,Jennifer Jenkins,Ashley Moody,89165.135,2219827.8,R+4.2,N/A,R+6.9,R+8.5,Likely R,20.806967921912673,79.19303207808733,D+4.7,-8.524003760806005
GA-01,GA-01,GA,Michael Mccord,Earl Leroy Carter,71349.31,5605554.65,R+5.8,R+4.1,N/A,R+15.1,Likely R,7.446600411601321,92.55339958839868,D+0.8,-15.130058929644346
GA-02,GA-02,GA,Sanford Bishop,Chuck Hand,570533.215,440.94,D+3.8,D+2.5,N/A,D+17.7,Safe D,95.42420463607665,4.575795363923348,D+10.0,17.68935299694982
GA-03,GA-03,GA,Rodney R Moore,Brian Jack,0.0,782995.91,R+4.2,R+1.5,N/A,R+27.1,Safe R,0.49044524242132975,99.50955475757867,D+2.7,-27.071922391018983
GA-04,GA-04,GA,Henry C 'Hank' Johnson,Generic Republican,264233.77,0.0,D+10.0,R+0.7,N/A,D+60.7,Safe D,99.99999965547349,3.4452651220817643e-07,D+7.7,60.73319145192903
GA-05,GA-05,GA,Nikema N Williams,Generic Republican,285121.35,0.0,D+10.0,R+0.1,N/A,D+79.8,Safe D,99.99999999999865,1.3500311979441904e-12,D+7.4,79.79232032398568
GA-06,GA-06,GA,Lucia Kay Mcbath,Justin Pinker,1039583.4450000001,0.0,D+4.6,R+0.3,N/A,D+57.8,Safe D,99.99999821723367,1.7827663327807386e-06,D+7.5,57.772318475638976
GA-07,GA-07,GA,Haiden William Moburg,Richard Dean Mccormick,0.0,1190318.23,R+4.8,R+3.8,N/A,R+21.4,Safe R,2.0609500620999697,97.93904993790002,D+0.9,-21.398873766154015
GA-08,GA-08,GA,James L Cooper,James Austin Scott,69.225,893247.29,R+4.4,R+3.6,N/A,R+28.8,Safe R,0.298570970826295,99.70142902917371,D+2.0,-28.82101472935355
GA-09,GA-09,GA,Nicholas Francis Alex,Andrew Clyde,26714.055,309596.01,R+2.3,R+2.0,N/A,R+32.1,Safe R,0.10864274513497713,99.89135725486503,D+2.2,-32.13550702549163
GA-10,GA-10,GA,Dantwan Samuel Watkins,Michael A Collins,0.0,1893231.085,R+5.5,R+2.7,N/A,R+20.2,Safe R,2.7055028136476245,97.29449718635237,D+0.7,-20.18951029326943
GA-11,GA-11,GA,Barry Craig Wolfert,Barry Loudermilk,0.0,250922.36,R+2.7,R+5.6,N/A,R+23.6,Safe R,1.2133652187051973,98.78663478129481,R+0.1,-23.616526682490253
GA-12,GA-12,GA,Robert Christopher Stephens,Richard W Allen,2797.825,1062097.5150000001,R+4.6,R+3.2,N/A,R+12.1,Likely R,12.478563819112551,87.52143618088745,D+2.2,-12.069873573207202
GA-13,GA-13,GA,David Albert Scott,Simeon Nunnally,382926.33999999997,0.0,D+3.2,D+0.7,N/A,D+49.1,Safe D,99.9998569046505,0.00014309534950029956,D+6.6,49.06491420041795
GA-14,GA-14,GA,Clarence Blalock,Marjorie Taylor Greene,16101.77,2417148.485,R+5.4,D+4.0,N/A,R+32.2,Safe R,0.10519427394052117,99.89480572605947,D+4.8,-32.23648656824958
GA-SEN,GA,GA,T Jonathan Ossoff,Earl Leroy Carter,27658679.085,5605554.65,D+2.4,R+1.0,D+4.0,D+2.5,Toss-up,59.484570432113316,40.515429567886684,D+4.7,2.5161792351698367
HI-01,HI-01,HI,Edward Case,Generic Republican,397957.72,0.0,D+10.0,D+7.5,N/A,D+37.2,Safe D,99.98069863973092,0.01930136026908258,D+12.0,37.208453913028485
HI-02,HI-02,HI,Jill Naomi Tokuda,Brenton Awa,568973.165,0.0,D+3.8,D+6.0,N/A,D+33.9,Safe D,99.93890369989158,0.06109630010841727,D+11.8,33.89854866077601
IA-01,IA-01,IA,Christina Bohannan,Mariannette Jane Miller-Meeks,1180112.05,2213445.5,R+0.9,D+4.1,D+4.9,D+0.9,Toss-up,53.40928888471741,46.59071111528259,D+9.5,0.8969394978249916
IA-02,IA-02,IA,Lindsay James,Ashley Hinson Arenholz,160499.21000000002,3114229.865,R+4.1,R+2.8,N/A,R+6.7,Lean R,26.04240884949992,73.95759115050008,D+3.4,-6.730399507401727
IA-03,IA-03,IA,Sarah Trone Garriott,Zach Nunn,659378.14,1327128.675,R+1.0,D+0.3,N/A,D+1.7,Toss-up,56.58215601797664,43.41784398202336,D+6.2,1.7374915496769592
IA-04,IA-04,IA,Dave Dawson,Randall Feenstra,21628.8,1627014.025,R+4.7,R+1.4,N/A,R+28.1,Safe R,0.3673910034747638,99.63260899652524,D+3.8,-28.10093088898056
IA-SEN,IA,IA,Zach P Wahls,Joni K Ernst,1010773.0,2660459.77,R+1.4,D+0.9,R+0.1,R+8.2,Likely R,21.629019398244242,78.37098060175576,D+5.2,-8.226777429535206
ID-01,ID-01,ID,Kaylee Jade Peterson,Russell Fulcher,52015.325000000004,384363.615,R+2.2,D+0.8,N/A,R+39.1,Safe R,0.009562768766602045,99.9904372312334,D+7.1,-39.10416281066066
ID-02,ID-02,ID,Julie Marisa Wiley,Michael Simpson,8352.08,498989.14999999997,R+3.4,R+1.1,N/A,R+22.7,Safe R,1.517387673131181,98.48261232686882,D+4.9,-22.700859925188634
ID-SEN,ID,ID,David Jordan Roth,Joe Evans,4137.04,0.0,D+0.1,D+1.2,N/A,R+31.3,Safe R,0.14003267017620738,99.85996732982379,D+6.2,-31.33128539472231
IL-01,IL-01,IL,Jonathan Jackson,Christian Maxwell,176287.345,6564.625,D+2.1,R+0.2,N/A,D+43.8,Safe D,99.99851529149507,0.0014847085049325415,D+11.4,43.774315952989596
IL-02,IL-02,IL,Robin Kelly,Calvin Coleman,2464404.1449999996,7993.84,D+5.7,D+1.0,N/A,D+46.3,Safe D,99.99948854548225,0.0005114545177491436,D+12.7,46.253240350675675
IL-03,IL-03,IL,Delia Ramirez,Angel Oakley,933720.6499999999,0.0,D+4.5,D+1.6,N/A,D+44.6,Safe D,99.99896863321092,0.0010313667890784473,D+12.9,44.6359086952684
IL-04,IL-04,IL,Jesus Garcia,Generic Republican,282718.74,0.0,D+10.0,D+5.9,N/A,D+45.6,Safe D,99.999314800376,0.0006851996240015978,D+16.8,45.58524949161141
IL-05,IL-05,IL,Mike Quigley,Barry Wicker,951905.4550000001,0.0,D+4.5,D+0.4,N/A,D+47.2,Safe D,99.99966989615902,0.0003301038409802004,D+9.6,47.23712351445158
IL-06,IL-06,IL,Sean Casten,Niki Conforti,1214121.94,107330.17499999999,D+3.1,D+1.5,N/A,D+16.7,Likely D,94.43925788223842,5.560742117761578,D+11.1,16.696641846651413
IL-07,IL-07,IL,Jason Friedman,Patricia P Rae Easley,957683.22,0.0,D+4.5,D+0.6,N/A,D+77.9,Safe D,99.99999999999459,5.4143356464919634e-12,D+11.6,77.8903771655277
IL-08,IL-08,IL,Junaid Ahmed,Jennifer Davis,508458.95499999996,280463.465,D+0.8,D+3.6,N/A,D+18.5,Safe D,96.0920013706563,3.9079986293436946,D+11.4,18.465175132700313
IL-09,IL-09,IL,Katherine M Abughazaleh,Dongbo Mark Su,1018591.66,11370.965,D+4.3,D+0.1,N/A,D+47.0,Safe D,99.99963172845398,0.00036827154602292467,D+10.1,46.993037793958166
IL-10,IL-10,IL,Bradley S Schneider,Generic Republican,1803783.9649999999,0.0,D+10.0,R+1.1,N/A,D+31.6,Safe D,99.87301131059547,0.12698868940452712,D+9.3,31.643161850885942
IL-11,IL-11,IL,G William (Bill) Foster,Michael David Ltc () Pierce,1544366.085,37904.65,D+4.3,R+0.1,N/A,D+20.8,Safe D,97.6336987474128,2.3663012525872062,D+9.2,20.791397486147527
IL-12,IL-12,IL,Generic Democrat,Michael Bost,0.0,696864.14,R+10.0,R+2.5,N/A,R+41.3,Safe R,0.004006478347195953,99.9959935216528,D+2.8,-41.344526007356414
IL-13,IL-13,IL,Nikki Budzinski,Jeff Wilson,1995526.1099999999,94351.165,D+4.0,D+2.9,N/A,D+21.5,Safe D,97.99457042588902,2.005429574110977,D+10.7,21.517419325195984
IL-14,IL-14,IL,Lauren Underwood,James Thomas Marter,1691873.785,43075.39,D+4.4,D+2.5,N/A,D+17.1,Likely D,94.83657920769811,5.163420792301892,D+11.8,17.078787147141085
IL-15,IL-15,IL,Paul R Davis,Mary Miller,33566.37,801649.415,R+3.5,R+10.0,N/A,R+42.0,Safe R,0.0030728413294711073,99.99692715867053,R+1.5,-42.00635036720466
IL-16,IL-16,IL,Paul Nolley,Darin Mckay Lahood,34874.705,4418226.32,R+5.9,R+10.0,N/A,R+27.0,Safe R,0.5070028489959315,99.49299715100406,R+3.8,-26.95160200594367
IL-17,IL-17,IL,Eric Sorensen,Dillan Vancil,887517.63,117393.95000000001,D+2.6,D+2.1,N/A,D+14.8,Likely D,92.12259826033275,7.877401739667249,D+9.9,14.816120808111846
IL-SEN,IL,IL,S Raja Krishnamoorthi,Don Tracy,15834395.015,1036096.07,D+4.0,R+0.6,N/A,D+17.7,Safe D,95.43680724314561,4.5631927568543915,D+6.6,17.703119987907847
IN-01,IN-01,IN,Frank J Mrvan,James Schenke,795804.865,34655.229999999996,D+3.5,D+4.0,N/A,D+10.6,Likely D,84.48152692340621,15.518473076593793,D+10.3,10.634306340757483
IN-02,IN-02,IN,Jamee Decio,Rudy C Yakym,35132.29,2098538.16,R+4.8,R+0.8,N/A,R+25.7,Safe R,0.7172020012866629,99.28279799871333,D+1.3,-25.66759810381366
IN-03,IN-03,IN,Phil Goss,Marlin A Stutzman,58544.005,442596.69,R+2.3,R+1.2,N/A,R+29.8,Safe R,0.22109155101414785,99.77890844898585,D+1.8,-29.838283187467578
IN-04,IN-04,IN,Drew Cox,James R Baird,0.0,262584.15,R+2.7,R+2.3,N/A,R+29.7,Safe R,0.2331578097265208,99.76684219027348,D+0.1,-29.6604766165334
IN-05,IN-05,IN,Jackson Bailey Franklin,Victoria Spartz,14325.045,904157.195,R+4.0,R+0.9,N/A,R+16.6,Likely R,5.673703759881842,94.32629624011815,D+0.5,-16.59194727993116
IN-06,IN-06,IN,Cynthia (Cinde) Wirth,Jefferson Shreve,0.0,783608.78,R+4.2,D+0.1,N/A,R+31.5,Safe R,0.1310061057037379,99.86899389429627,D+1.6,-31.54410181554447
IN-07,IN-07,IN,Andre Carson,Felipe Jesus Rios,621294.115,0.0,D+3.9,R+1.0,N/A,D+46.7,Safe D,99.99958001471936,0.00041998528064368656,D+4.5,46.69835624828495
IN-08,IN-08,IN,Mary Theresa Allen,Mark Messmer,47347.229999999996,497503.30000000005,R+2.6,R+1.3,N/A,R+33.8,Safe R,0.06358427331026197,99.93641572668975,D+2.7,-33.7788558096145
IN-09,IN-09,IN,James Henry Graham,Erin Houchin,109891.175,1069009.9500000002,R+2.9,R+0.9,N/A,R+28.3,Safe R,0.3484774590827678,99.65152254091723,D+2.1,-28.28585515622454
KS-01,KS-01,KS,Kenneth Colin Mcroberts,Tracey Robert Mann,6725.535,1344590.4000000001,R+4.8,R+3.5,N/A,R+31.8,Safe R,0.12073374133378717,99.8792662586662,D+0.0,-31.803252503671004
KS-02,KS-02,KS,Don Coover,Derek Schmidt,87439.455,413618.515,R+1.8,D+0.4,N/A,R+14.3,Likely R,8.566159194676485,91.43384080532351,D+5.7,-14.340179762544215
KS-03,KS-03,KS,Sharice Davids,Blake Stanley,1496313.72,0.0,D+5.1,D+3.3,N/A,D+12.8,Likely D,88.91068888996277,11.08931111003723,D+8.6,12.807875842384213
KS-04,KS-04,KS,Chris Carmichael,Ron Estes,0.0,1338263.94,R+5.0,R+3.4,N/A,R+23.4,Safe R,1.2825415082693117,98.71745849173068,D+0.3,-23.392056893627526
KS-SEN,KS,KS,Lois Anne Elizabeth Lea Parelkar,Roger W Marshall,10591.635,1838491.99,R+5.2,D+1.9,N/A,R+13.9,Likely R,9.271547919032427,90.72845208096757,D+2.5,-13.881581604161868
KY-01,KY-01,KY,John Andrew Williams,James Comer,11814.449999999999,2348076.795,R+5.5,R+1.1,N/A,R+44.6,Safe R,0.0010630499946151304,99.99893695000539,D+3.3,-44.56493294539972
KY-02,KY-02,KY,William Dakota Compton,S Brett Brett Hon Guthrie,2911.435,2211333.065,R+5.6,R+2.4,N/A,R+40.0,Safe R,0.006772973419816181,99.99322702658019,D+1.9,-40.00589544292857
KY-03,KY-03,KY,Morgan Mcgarvey,Generic Republican,1267780.225,0.0,D+10.0,D+2.5,N/A,D+29.4,Safe D,99.74645659704674,0.2535434029532553,D+10.1,29.378182707264756
KY-04,KY-04,KY,Monica Dean,Thomas H Massie,7353.85,1713646.115,R+5.1,R+10.0,N/A,R+40.2,Safe R,0.006394650417662508,99.99360534958234,R+4.0,-40.15439403241202
KY-05,KY-05,KY,Ned Pillersdorf,Harold Dallas Rogers,40401.195,810222.9450000001,R+3.4,R+10.0,N/A,R+66.5,Safe R,1.0924738891304535e-08,99.99999998907526,R+1.9,-66.54251213219993
KY-06,KY-06,KY,Cherlynn Stevenson,Garland Andy Barr,268232.96499999997,5439738.755,R+4.3,R+5.5,N/A,R+14.9,Likely R,7.695019390098261,92.30498060990173,D+0.4,-14.94739390601925
KY-SEN,KY,KY,Joel Willett,Garland Andy Barr,162195.535,5439738.755,R+4.9,D+3.5,N/A,R+26.6,Safe R,0.5619375982694913,99.4380624017305,D+4.5,-26.576002312671513
LA-01,LA-01,LA,Lauren Jewett,Steve Scalise,4547.225,7632826.705,R+7.4,R+2.4,N/A,R+43.5,Safe R,0.0016470901857745489,99.99835290981423,R+4.6,-43.52602788939518
LA-02,LA-02,LA,Troy A Carter,Carl Ray Smith,938607.4400000001,0.0,D+4.5,D+7.6,N/A,D+41.0,Safe D,99.99543554177596,0.004564458224038503,D+8.8,41.01574994761644
LA-03,LA-03,LA,Generic Democrat,Clay Captain Higgins,0.0,555010.245,R+10.0,R+3.6,N/A,R+49.1,Safe R,0.00013841577026773872,99.99986158422973,R+3.5,-49.13631863466389
LA-04,LA-04,LA,Conrad Roberts Cable,James Michael Johnson,13490.939999999999,8769117.865,R+7.4,R+10.0,N/A,R+61.9,Safe R,1.8120209221983086e-07,99.9999998187979,R+8.9,-61.85410006984217
LA-05,LA-05,LA,Generic Democrat,Julia Letlow,0.0,1856299.22,R+10.0,R+0.3,N/A,R+39.3,Safe R,0.00903299939351548,99.99096700060649,R+2.3,-39.25442754515835
LA-06,LA-06,LA,Cleo Fields,Christian Rashad Johnson,230875.72999999998,0.0,D+2.6,R+1.0,N/A,D+17.5,Safe D,95.24434062084528,4.7556593791547215,D+2.3,17.4961142052985
LA-SEN,LA,LA,Tracie Burke,William M Cassidy,0.0,5888194.195,R+7.2,R+14.6,N/A,R+31.0,Safe R,0.15596337498637575,99.84403662501363,R+8.6,-30.984536169782988
MA-01,MA-01,MA,Richard E Neal,Generic Republican,2900111.0999999996,0.0,D+10.0,D+10.0,N/A,D+33.4,Safe D,99.92887353686784,0.07112646313215976,D+19.5,33.44074478324316
MA-02,MA-02,MA,James P Mcgovern,Generic Republican,539186.79,0.0,D+10.0,D+10.0,N/A,D+41.8,Safe D,99.99665463977414,0.0033453602258646242,D+17.5,41.79541434266828
MA-03,MA-03,MA,Lori Trahan,Generic Republican,1342955.85,0.0,D+10.0,D+10.0,N/A,D+36.8,Safe D,99.97756328961043,0.02243671038957018,D+17.4,36.790935920937976
MA-04,MA-04,MA,Jake Auchincloss,Generic Republican,3668528.875,0.0,D+10.0,D+10.0,N/A,D+38.8,Safe D,99.98915331693263,0.010846683067370577,D+18.6,38.77016483942865
MA-05,MA-05,MA,Katherine Clark,Generic Republican,2408433.89,0.0,D+10.0,D+10.0,N/A,D+64.4,Safe D,99.9999999605286,3.947140214677347e-08,D+18.1,64.43854410077964
MA-06,MA-06,MA,Seth Moulton,Generic Republican,1836657.25,0.0,D+10.0,D+10.0,N/A,D+39.2,Safe D,99.99079972380412,0.009200276195883816,D+18.1,39.206105350600694
MA-07,MA-07,MA,Ayanna Pressley,Generic Republican,606674.905,0.0,D+10.0,D+10.0,N/A,D+82.9,Safe D,99.99999999999987,1.2789769243681803e-13,D+17.8,82.92595846886266
MA-08,MA-08,MA,Stephen Lynch,Generic Republican,835278.27,0.0,D+10.0,D+6.2,N/A,D+42.5,Safe D,99.99744035427013,0.00255964572987466,D+15.5,42.456765021962
MA-09,MA-09,MA,William R Keating,Robert Tyler Macallister,585443.8200000001,73627.06,D+2.5,D+0.9,N/A,D+20.9,Safe D,97.68621341693058,2.3137865830694153,D+9.9,20.890971600122008
MA-SEN,MA,MA,Edward Markey,Nathan Alexander Bech,2634823.275,37282.240000000005,D+5.1,R+1.0,N/A,D+34.1,Safe D,99.94224480507135,0.05775519492864589,D+8.2,34.066572211680075
MD-01,MD-01,MD,Daniel Schwartz,Andrew P Harris,167703.47999999998,1031806.195,R+2.4,R+2.6,N/A,R+16.3,Likely R,5.992268200907367,94.00773179909264,D+1.0,-16.30528054114347
MD-02,MD-02,MD,John Anthony Olszewski,Generic Republican,443794.36,0.0,D+10.0,D+0.1,N/A,D+24.4,Safe D,99.00072559440237,0.9992744055976317,D+5.5,24.389632660392063
MD-03,MD-03,MD,Sarah Kelly Elfreth,Penny Leatherwood Kennedy,430284.905,0.0,D+3.4,R+1.2,N/A,D+29.8,Safe D,99.77750057051054,0.22249942948946,D+5.3,29.817090047446072
MD-04,MD-04,MD,Glenn Ivey,Generic Republican,403709.18,0.0,D+10.0,D+1.8,N/A,D+84.3,Safe D,99.99999999999996,4.263256414560601e-14,D+8.6,84.31238161882165
MD-05,MD-05,MD,Steny Hoyer,Michelle Talkington,734486.415,3012.5750000000003,D+4.0,D+1.2,N/A,D+40.6,Safe D,99.99457407563983,0.005425924360167755,D+6.5,40.57611698031837
MD-06,MD-06,MD,April Mcclain Delaney,Robin Ficker,617883.6950000001,130426.65,D+2.0,D+0.3,N/A,D+11.3,Likely D,85.96438239498322,14.035617605016782,D+5.4,11.308075220734041
MD-07,MD-07,MD,Kweisi Mfume,Generic Republican,472559.275,0.0,D+10.0,D+2.1,N/A,D+68.4,Safe D,99.99999999656497,3.435033590903913e-09,D+7.9,68.3845860170883
MD-08,MD-08,MD,Jamie Raskin,Cheryl Riley,5457790.220000001,6115.675,D+6.9,R+0.1,N/A,D+67.0,Safe D,99.99999999172458,8.275421237158298e-09,D+8.9,66.98912008222275
ME-01,ME-01,ME,Chellie M Pingree,Eric Small,394444.29,9372.09,D+3.0,D+0.3,N/A,D+26.4,Safe D,99.41359142030319,0.5864085796968084,D+4.3,26.419105490415234
ME-02,ME-02,ME,Jordan Wood,Paul Lepage,2638677.4699999997,558521.5,D+2.2,N/A,N/A,R+5.7,Lean R,29.478990024222096,70.5210099757779,D+3.6,-5.6549266921735875
ME-SEN,ME,ME,Graham Platner,Susan M Collins,2128298.8499999996,4398777.155,R+1.1,R+8.9,D+2.0,D+4.6,Lean D,66.79676450398841,33.20323549601159,R+2.5,4.552790961830539
MI-01,MI-01,MI,Callie Barr,John Bergman,74287.78,726850.5800000001,R+2.7,R+0.0,N/A,R+17.7,Safe R,4.599994553509048,95.40000544649095,D+3.7,-17.663003199830666
MI-02,MI-02,MI,Benjamin Ambrose,John Moolenaar,15869.73,1322589.405,R+4.6,R+1.7,N/A,R+27.5,Safe R,0.43635958263516805,99.56364041736484,D+3.0,-27.49192723068363
MI-03,MI-03,MI,Hillary Scholten,J Allen Fiorletta,952346.06,0.0,D+4.5,D+1.0,N/A,D+16.5,Likely D,94.20628115187533,5.793718848124669,D+8.4,16.48249914515723
MI-04,MI-04,MI,Sean Mccann,William P Huizenga,201733.325,1351796.5550000002,R+2.6,R+3.1,N/A,R+3.4,Lean R,37.343510223447375,62.656489776552625,D+2.2,-3.383541893423945
MI-05,MI-05,MI,Generic Democrat,Timothy L Rep Walberg,0.0,1372749.03,R+10.0,R+2.9,N/A,R+25.3,Safe R,0.795219294870632,99.20478070512937,D+2.1,-25.275246772235988
MI-06,MI-06,MI,Debbie Dingell,Generic Republican,691893.0399999999,0.0,D+10.0,D+1.9,N/A,D+33.5,Safe D,99.92972903759168,0.07027096240831554,D+9.6,33.47738668149036
MI-07,MI-07,MI,Bridget Brink,Thomas More Barrett,745471.325,1896728.705,R+1.3,R+1.2,N/A,D+3.4,Lean D,62.64773019410029,37.35226980589971,D+4.7,3.3811171864880687
MI-08,MI-08,MI,Kristen Mcdonald Rivet,Amir Hassan,1449246.72,67589.34,D+3.8,D+4.3,N/A,D+8.5,Likely D,79.05415894532997,20.945841054670026,D+10.5,8.473315005830665
MI-09,MI-09,MI,Steven Raymond Pooley,Lisa Mcclain,0.0,2405245.005,R+5.8,R+2.5,N/A,R+30.8,Safe R,0.1670392126506794,99.83296078734932,D+2.0,-30.76202052065093
MI-10,MI-10,MI,Eric Chung,Robert Lulgjuraj,582781.4450000001,366081.585,D+0.6,D+0.2,N/A,D+0.5,Toss-up,51.768647600341765,48.231352399658235,D+7.1,0.4648933628174968
MI-11,MI-11,MI,Haley Stevens,Mike Steger,2308237.315,11043.025000000001,D+5.5,D+1.3,N/A,D+25.7,Safe D,99.28178046744853,0.7182195325514726,D+9.2,25.66224372896348
MI-12,MI-12,MI,Rashida Tlaib,Generic Republican,3283229.285,0.0,D+10.0,D+3.1,N/A,D+52.7,Safe D,99.99997473694314,2.526305685535135e-05,D+13.0,52.669074208013896
MI-13,MI-13,MI,Shri Thanedar,Andrew Lorenz,4313605.7,0.0,D+6.7,D+1.5,N/A,D+54.7,Safe D,99.99999085602353,9.143976470227244e-06,D+12.4,54.67804933953787
MI-SEN,MI,MI,Haley Stevens,Michael J Rogers,3411175.035,2317750.975,D+0.6,R+0.6,R+3.6,D+2.8,Lean D,60.4814087592605,39.5185912407395,D+4.2,2.7866355675619965
MN-01,MN-01,MN,Generic Democrat,Brad Finstad,0.0,603207.51,R+10.0,R+10.0,N/A,R+14.5,Likely R,8.257693907587143,91.74230609241286,R+2.3,-14.549629474124426
MN-02,MN-02,MN,Matthew David Klein,Tyler Kistner,268312.3,208632.57,D+0.3,N/A,N/A,D+11.3,Likely D,86.050211165309,13.949788834691006,D+5.4,11.348513037058735
MN-04,MN-04,MN,Betty Mccollum,Generic Republican,853307.705,0.0,D+10.0,R+0.5,N/A,D+43.9,Safe D,99.99860846065853,0.0013915393414691835,D+7.5,43.928700723852764
MN-05,MN-05,MN,Latonya T Reeves,Dalia Al-Aqidi,0.0,513341.125,R+3.6,R+6.0,N/A,D+63.7,Safe D,99.99999993874059,6.125941354184761e-08,D+0.2,63.70341628839522
MN-06,MN-06,MN,Generic Democrat,Thomas Earl Emmer,0.0,4733522.93,R+10.0,R+10.0,N/A,R+25.3,Safe R,0.7830525751531722,99.21694742484682,R+5.3,-25.334137966568157
MN-07,MN-07,MN,Generic Democrat,Michelle Fischbach,0.0,679351.345,R+10.0,R+10.0,N/A,R+39.2,Safe R,0.009387827252799009,99.9906121727472,R+2.1,-39.15289894069631
MN-08,MN-08,MN,Generic Democrat,Peter Allen Stauber,0.0,1016326.325,R+10.0,R+10.0,N/A,R+17.5,Safe R,4.768322253205186,95.23167774679482,R+3.0,-17.48273188027861
MN-SEN,MN,MN,Angie Craig,Adam Schwarze,3211714.1399999997,396740.03,D+3.0,R+1.0,N/A,D+8.9,Likely D,80.18505061916143,19.81494938083857,D+4.5,8.89208119901477
MO-01,MO-01,MO,Wesley Bell,Generic Republican,952212.05,0.0,D+10.0,D+0.2,N/A,D+63.8,Safe D,99.9999999424115,5.7588493973526056e-08,D+5.6,63.80725476364412
MO-02,MO-02,MO,Charles David Summers,Ann L Wagner,11935.185000000001,2827923.07,R+5.8,R+2.0,N/A,R+8.8,Likely R,19.938044514944863,80.06195548505514,R+0.8,-8.845817301637128
MO-03,MO-03,MO,Bethany Mann,Robert For Onder,13732.415,377371.435,R+2.9,D+0.4,N/A,R+24.0,Safe R,1.1130580613131613,98.88694193868685,D+3.2,-23.962580041788527
MO-04,MO-04,MO,Hartzell Gray,Mark Alford,40133.380000000005,556641.995,R+2.9,R+1.2,N/A,R+40.9,Safe R,0.004783627921800447,99.9952163720782,D+1.9,-40.89691045365442
MO-05,MO-05,MO,Emanuel Cleaver,Robert Brandon Foltz,954874.335,0.0,D+4.5,D+0.3,N/A,D+29.7,Safe D,99.76649151734695,0.23350848265305046,D+6.1,29.655434861649926
MO-06,MO-06,MO,Josh Smead,Samuel B Graves,15830.36,2019671.67,R+5.2,R+2.5,N/A,R+39.5,Safe R,0.00811625734263284,99.99188374265736,R+0.2,-39.53520225001952
MO-07,MO-07,MO,Missi Hesketh,Eric Burlison,8131.835000000001,928814.08,R+4.2,R+1.3,N/A,R+42.5,Safe R,0.002517149948966188,99.99748285005103,D+0.6,-42.49781494108905
MO-08,MO-08,MO,Gerald D Cass,Jason T Smith,0.0,3940511.8449999997,R+6.6,R+0.1,N/A,R+53.3,Safe R,1.8618571462347336e-05,99.99998138142854,D+1.2,-53.27981672619601
MS-01,MS-01,MS,Kelvin Oneal Buck,John Trent Kelly,4250.0,738199.55,R+4.0,R+1.3,N/A,R+32.2,Safe R,0.10599794316285349,99.89400205683715,D+5.3,-32.212684812313164
MS-02,MS-02,MS,Bennie G Thompson,Ron Eller,1134406.47,23616.9,D+4.2,D+1.8,N/A,D+32.0,Safe D,99.88617268051452,0.11382731948548042,D+11.4,31.98908715254495
MS-03,MS-03,MS,Michael Alexis Chiaradio,Michael Patrick Guest,3123.215,607398.0,R+3.8,R+10.0,N/A,R+30.8,Safe R,0.16471192875443208,99.83528807124557,R+1.3,-30.807636466560382
MS-04,MS-04,MS,Paul James Blackman,Walter Michael Ezell,0.0,428377.47,R+3.4,R+2.7,N/A,R+39.1,Safe R,0.009700071041074216,99.99029992895892,D+3.9,-39.0664958144789
MS-SEN,MS,MS,Scott Colom,Cindy Hyde-Smith,306720.145,1632695.91,R+2.3,D+3.4,N/A,R+16.8,Likely R,5.441421604983651,94.55857839501635,D+6.3,-16.809069239016964
MT-01,MT-01,MT,Russell Tyler Cleveland,Ryan K Zinke,52738.45,2510116.875,R+4.8,D+1.9,N/A,R+6.5,Lean R,26.743725196571216,73.25627480342878,D+5.4,-6.505476793775085
MT-02,MT-02,MT,Brian James Miller,Troy Downing,7678.639999999999,842634.425,R+4.1,R+1.2,N/A,R+27.6,Safe R,0.4280138942269171,99.57198610577308,D+2.9,-27.56083573523913
MT-SEN,MT,MT,Reilly Neill,Steve Daines,106247.43,2921253.45,R+4.4,D+3.4,N/A,R+16.1,Likely R,6.210274882820615,93.78972511717939,D+4.5,-16.115915054129793
NC-01,NC-01,NC,Don Davis,Sandy Roberson,1066170.645,2331132.43,R+1.1,D+2.4,N/A,R+3.1,Lean R,38.39923017412744,61.60076982587256,D+8.6,-3.0925708374249554
NC-02,NC-02,NC,Deborah Ross,Eugene Farley Douglass,1056577.225,0.0,D+4.6,D+0.4,N/A,D+43.6,Safe D,99.99837487520864,0.0016251247913601219,D+9.1,43.5582166652125
NC-03,NC-03,NC,Chris Schulte,Gregory Francis Murphy,45040.575000000004,1573333.545,R+4.3,R+10.0,N/A,R+15.1,Likely R,7.533781218497738,92.46621878150226,R+1.3,-15.065432342336027
NC-04,NC-04,NC,Valerie Foushee,Generic Republican,248331.75499999998,0.0,D+10.0,D+0.2,N/A,D+53.5,Safe D,99.99998312144854,1.687855146315087e-05,D+7.4,53.4747844972531
NC-05,NC-05,NC,Chuck Hubbard,Virginia Ann Foxx,148116.59999999998,2163312.1,R+3.6,R+0.6,N/A,R+13.0,Likely R,10.760988275726687,89.23901172427331,D+4.9,-12.991822685140734
NC-06,NC-06,NC,Cyril Jefferson,Addison Mcdowell,94365.43,602308.285,R+2.3,R+10.0,N/A,R+18.6,Safe R,3.7993654829709906,96.20063451702902,R+1.2,-18.6014010604742
NC-07,NC-07,NC,Kimberly Hardy,David Rouzer,64550.965000000004,1445134.9849999999,R+3.9,R+1.7,N/A,R+10.3,Likely R,16.40847187884849,83.59152812115151,D+3.8,-10.250220799736843
NC-08,NC-08,NC,Jesse Oppenheim,Mark E Harris,91409.66,261890.655,R+1.2,D+0.1,N/A,R+13.3,Likely R,10.287018257623826,89.71298174237617,D+6.4,-13.264647874918118
NC-09,NC-09,NC,Richard N Ojeda,Richard L Hudson,990871.77,1690738.4449999998,R+0.8,R+1.4,N/A,R+10.5,Likely R,15.89937230805224,84.10062769194776,D+5.6,-10.468206264043566
NC-10,NC-10,NC,Ashley Bell,Pat Harrigan,7279.75,470304.01,R+3.3,R+0.8,N/A,R+13.4,Likely R,10.132180654522063,89.86781934547794,D+4.5,-13.355748742313963
NC-11,NC-11,NC,Jamie Ager,Chuck Edwards,226650.02000000002,239170.34,R+0.1,R+2.0,N/A,R+5.2,Lean R,31.117056710718416,68.88294328928158,D+4.5,-5.163175951496287
NC-12,NC-12,NC,Alma Shealey Adams,Addul Rahman Eli Ali,485993.77999999997,0.0,D+3.6,D+0.9,N/A,D+56.2,Safe D,99.99999582570996,4.174290040737105e-06,D+9.1,56.18213184013884
NC-13,NC-13,NC,Paul Barringer,Brad Knott,251483.685,437027.18500000006,R+0.7,R+0.4,N/A,R+11.3,Likely R,14.120205797658764,85.87979420234123,D+5.4,-11.268385863081038
NC-14,NC-14,NC,Brent Caldwell,Tim Moore,0.0,1031012.7549999999,R+4.6,R+0.5,N/A,R+12.7,Likely R,11.29864420271566,88.70135579728434,D+2.5,-12.692623852218533
NC-SEN,NC,NC,Roy Cooper,Michael Whatley,6645596.655,817425.6199999999,D+3.1,R+0.2,D+7.1,D+2.6,Toss-up,59.967096974328584,40.032903025671416,D+5.9,2.6468752690664523
ND-01,ND-AL,ND,Mason Vicent Cysewski,Julie Fedorchak,0.0,690453.48,R+4.0,R+10.0,N/A,R+41.8,Safe R,0.0033393358041421887,99.99666066419586,R+4.4,-41.79989876519763
NE-01,NE-01,NE,Eric Hamilton Moyer,Mike Flood,4667.505,913763.075,R+4.3,R+3.6,N/A,R+16.8,Likely R,5.422411710953487,94.57758828904652,R+3.6,-16.82716050708744
NE-02,NE-02,NE,Denise Powell,Brinker Harding,500645.33499999996,342612.77,D+0.5,R+3.2,N/A,D+4.2,Lean D,65.54514077688846,34.45485922311154,R+0.5,4.193988252114162
NE-03,NE-03,NE,Becky Lynn Stille,Adrian Smith,25903.925,1209302.3599999999,R+4.2,R+3.5,N/A,R+57.0,Safe R,2.7005032265936027e-06,99.99999729949677,R+2.6,-57.001353711628774
NE-SEN,NE,NE,Dan Osborn,Pete Ricketts,0.0,2393220.7199999997,R+5.8,R+9.4,N/A,R+26.6,Safe R,0.552612766759037,99.44738723324096,R+5.8,-26.637389129864257
NH-01,NH-01,NH,Chris Pappas,Brian Cole,3385217.55,130768.8,D+4.4,D+2.9,N/A,D+13.3,Likely D,89.8303321963243,10.169667803675694,D+11.3,13.333600199114905
NH-02,NH-02,NH,Maggie Goodlander,Lily Tang Williams,1147061.845,340357.07,D+1.7,D+1.1,D+15.4,D+13.3,Likely D,89.82925411971402,10.170745880285978,D+9.7,13.332964118936925
NH-SEN,NH,NH,Chris Pappas,Scott P Brown,3385217.55,567156.765,D+2.6,D+4.1,D+10.6,D+10.7,Likely D,84.57523708935494,15.424762910645057,D+7.9,10.675581755588208
NJ-01,NJ-01,NJ,Donald W Norcross,Generic Republican,1344578.17,0.0,D+10.0,R+0.4,N/A,D+30.6,Safe D,99.8235628895159,0.17643711048410182,D+11.6,30.583514839090668
NJ-02,NJ-02,NJ,Bayly Philip Christoper Winder,Jeff Van Drew,210113.96000000002,1145395.205,R+2.3,R+2.2,N/A,R+5.2,Lean R,30.999539484571926,69.00046051542807,D+7.5,-5.198066345885464
NJ-03,NJ-03,NJ,Herb Conaway,Linda Diane Mcmahon,436887.115,0.0,D+3.4,D+0.1,N/A,D+19.1,Safe D,96.59450008529448,3.4054999147055156,D+10.6,19.123653814913304
NJ-04,NJ-04,NJ,Nicholas Small,Christopher H Smith,0.0,432204.845,R+3.4,R+2.8,N/A,R+25.0,Safe R,0.8477031592134983,99.1522968407865,D+5.5,-25.029948977820503
NJ-05,NJ-05,NJ,Josh Gottheimer,Mary Jo-Ann Guinchard,16860974.13,119508.655,D+6.9,D+4.9,N/A,D+18.5,Safe D,96.1573126559439,3.8426873440561025,D+17.0,18.546699606339427
NJ-06,NJ-06,NJ,Frank Pallone,Hillary Herzig,2471309.85,0.0,D+5.9,D+4.7,N/A,D+24.2,Safe D,98.94148275035677,1.0585172496432307,D+17.6,24.16228518295659
NJ-07,NJ-07,NJ,Rebecca Bennett,Thomas H Kean,930162.37,1631382.375,R+0.8,R+2.1,N/A,D+5.3,Lean D,69.33274694960058,30.667253050399424,D+6.5,5.297034892667907
NJ-08,NJ-08,NJ,Robert J Menendez,Generic Republican,675372.415,0.0,D+10.0,D+0.2,N/A,D+41.6,Safe D,99.99637130708206,0.0036286929179425442,D+16.8,41.592695035099034
NJ-09,NJ-09,NJ,Nelida Pou,Rosemary Pino,934476.335,114230.0,D+2.7,D+3.0,N/A,D+15.3,Likely D,92.75035448706963,7.249645512930371,D+16.4,15.278216683007791
NJ-10,NJ-10,NJ,Lamonica Mciver,Carmen Bucco,793641.2150000001,0.0,D+4.2,D+0.7,N/A,D+65.1,Safe D,99.99999997304698,2.695301759558788e-08,D+13.4,65.07014961992954
NJ-11,NJ-11,NJ,Mikie Sherrill,Joe Hathaway,199762.01499999998,0.0,D+2.4,D+3.0,N/A,D+22.0,Safe D,98.19256016538768,1.8074398346123246,D+13.1,21.96420869992919
NJ-12,NJ-12,NJ,Bonnie Watson Coleman,Darius Mayfield,272568.08,432.0,D+2.8,D+0.4,N/A,D+36.3,Safe D,99.97343903752369,0.026560962476310124,D+11.8,36.31786073699239
NJ-SEN,NJ,NJ,Cory A Booker,Generic Republican,14719396.51,0.0,D+10.0,D+0.1,N/A,D+16.5,Likely D,94.2740331554731,5.725966844526894,D+10.5,16.544064029447092
NM-01,NM-01,NM,Melanie Stansbury,Ndidiamaka Okpareke,584722.05,12099.789999999999,D+3.5,D+0.0,N/A,D+21.3,Safe D,97.89117846350969,2.1088215364903107,D+8.3,21.298812672424546
NM-02,NM-02,NM,Gabriel Vasquez,Eddy Aragon,1007182.355,2350.16,D+4.5,D+3.0,N/A,D+11.1,Likely D,85.61493593031344,14.385064069686564,D+13.1,11.145144543146362
NM-03,NM-03,NM,Teresa Leger Fernandez,Martin R Zamora,743449.6499999999,134226.55,D+2.2,D+3.7,N/A,D+16.5,Likely D,94.26433972747341,5.735660272526587,D+11.6,16.535220798978095
NM-SEN,NM,NM,Ben Ray Lujan,Generic Republican,2557596.525,0.0,D+10.0,R+2.4,N/A,D+12.3,Likely D,88.02096512050338,11.979034879496623,D+6.3,12.328214687119164
NV-01,NV-01,NV,Dina Titus,Carrie Buck,402765.445,80470.025,D+1.9,D+2.6,N/A,D+10.5,Likely D,84.20018082877401,15.799819171225991,D+8.2,10.511364025073844
NV-02,NV-02,NV,Kathy L Durham,Mark Eugene Amodei,911.625,506190.49,R+3.6,R+10.0,N/A,R+18.6,Safe R,3.8267266408649467,96.17327335913505,R+4.3,-18.56679400939883
NV-03,NV-03,NV,Susie Lee,Marty O'Donnell,1270663.4,1634438.415,R+0.4,D+1.7,N/A,D+5.9,Lean D,71.32188712697749,28.678112873022513,D+6.6,5.899889118371375
NV-04,NV-04,NV,Steven Alexzander Horsford,David Flippo,1136714.25,558581.53,D+1.0,D+2.9,N/A,D+10.2,Likely D,83.46134434462643,16.538655655373574,D+7.8,10.195186989564379
NY-01,NY-01,NY,Christopher Gallant,Lalota Nick,155357.325,1379990.29,R+2.9,R+0.2,N/A,R+6.6,Lean R,26.529915344710226,73.47008465528978,D+3.6,-6.573727288281444
NY-02,NY-02,NY,Patrick Halpin,Andrew Garbarino,133049.115,1827944.0950000002,R+3.5,R+2.8,N/A,R+11.1,Likely R,14.507086093433186,85.49291390656681,D+3.0,-11.088881642547044
NY-03,NY-03,NY,Thomas Suozzi,Gregory Hach,2515702.99,4721.91,D+5.8,D+3.9,N/A,D+8.5,Likely D,79.122416306366,20.877583693633994,D+12.8,8.498204142600866
NY-04,NY-04,NY,Laura Gillen,Brian Miller,1255066.405,0.0,D+4.9,D+0.5,N/A,D+12.0,Likely D,87.44536290921207,12.554637090787935,D+10.7,12.031169926625537
NY-05,NY-05,NY,Gregory W Meeks,Aaron Lee Cherry,2019319.945,0.0,D+5.6,D+1.8,N/A,D+56.0,Safe D,99.99999536156888,4.638431121861686e-06,D+13.2,55.98211161523633
NY-06,NY-06,NY,Grace Meng,Generic Republican,1095413.7,0.0,D+10.0,D+8.3,N/A,D+24.9,Safe D,99.13293721825771,0.8670627817422911,D+18.4,24.942824855057978
NY-07,NY-07,NY,Nydia M Velazquez,Generic Republican,239882.93,0.0,D+10.0,D+5.1,N/A,D+60.0,Safe D,99.99999948137271,5.186272886703591e-07,D+12.8,60.009358103612875
NY-08,NY-08,NY,Hakeem Jeffries,Generic Republican,10510461.39,0.0,D+10.0,D+3.3,N/A,D+58.6,Safe D,99.99999885542246,1.144577538525482e-06,D+13.9,58.584445093423
NY-09,NY-09,NY,Yvette D Clarke,Joel Anabilah-Azumah,566761.82,0.0,D+3.8,D+3.7,N/A,D+53.2,Safe D,99.99998025451823,1.9745481765198747e-05,D+11.7,53.1627236100317
NY-10,NY-10,NY,Daniel Goldman,Gavin Solomon,1298461.3,0.0,D+4.9,D+2.9,N/A,D+72.3,Safe D,99.99999999973828,2.617213112898753e-10,D+10.4,72.32196128865483
NY-11,NY-11,NY,Troy Mcghie,Nicole Malliotakis,42343.92,1618487.9300000002,R+4.3,R+1.9,N/A,R+20.4,Safe R,2.5868042762785604,97.41319572372144,D+4.4,-20.392550253140893
NY-12,NY-12,NY,Micah Charles Lasher,Gavin Solomon,369666.19,0.0,D+3.2,R+1.4,N/A,D+71.5,Safe D,99.99999999954734,4.526583552433294e-10,D+6.6,71.50151203698051
NY-13,NY-13,NY,Adriano Espaillat,Gavin Solomon,795316.065,0.0,D+4.2,D+3.7,N/A,D+74.0,Safe D,99.99999999991721,8.279243957076687e-11,D+13.7,74.0171032660969
NY-14,NY-14,NY,Alexandria Ocasio-Cortez,Tina Forte,17708411.035,584128.405,D+5.0,D+3.2,N/A,D+47.6,Safe D,99.99972378127843,0.000276218721566579,D+15.3,47.63223019261554
NY-15,NY-15,NY,Ritchie John Torres,Generic Republican,8134665.225000001,0.0,D+10.0,D+3.5,N/A,D+65.5,Safe D,99.9999999794071,2.0592906935235078e-08,D+16.7,65.51227502157698
NY-16,NY-16,NY,George Latimer,Generic Republican,368854.31,0.0,D+10.0,D+5.0,N/A,D+45.6,Safe D,99.99931238682036,0.0006876131796360596,D+12.3,45.577163556113575
NY-17,NY-17,NY,Cait Conley,Michael Vincent Lawler,866602.17,2696594.735,R+1.6,R+3.4,N/A,D+3.9,Lean D,64.6147765552911,35.3852234447089,D+3.4,3.9304520802484095
NY-18,NY-18,NY,Patrick Ryan,Sharanjit Singh Thind,1876679.48,0.0,D+5.5,D+5.5,N/A,D+14.0,Likely D,90.89403049372234,9.10596950627766,D+10.6,13.986836771489388
NY-19,NY-19,NY,Josh Riley,Peter Karl Oberacker,1486873.51,0.0,D+5.1,D+0.2,N/A,D+8.5,Likely D,79.01197527635998,20.988024723640024,D+6.7,8.457957149473328
NY-20,NY-20,NY,Paul David Tonko,Gavin Solomon,816925.265,0.0,D+4.3,D+4.0,N/A,D+24.1,Safe D,98.9149074134802,1.0850925865198064,D+9.7,24.063886422250537
NY-21,NY-21,NY,Blake Gendebien,Elise M Stefanik,2878805.415,7093132.56,R+1.3,R+1.7,N/A,R+17.7,Safe R,4.535732849019046,95.46426715098096,D+3.0,-17.733223177086284
NY-22,NY-22,NY,John W Mannion,John Lemondes,895727.88,16080.665,D+4.0,D+0.7,N/A,D+14.7,Likely D,91.9963377163732,8.003662283626795,D+7.0,14.726585780617054
NY-23,NY-23,NY,Aaron Gies,Nick Langworthy,45603.865000000005,1305704.375,R+4.0,R+5.3,N/A,R+23.0,Safe R,1.4088928599651729,98.59110714003482,R+1.8,-23.00779315112321
NY-24,NY-24,NY,Steven Wesley Holden,Claudia Tenney,46324.96,1400674.68,R+4.1,R+4.1,N/A,R+22.9,Safe R,1.4327714619457372,98.56722853805427,D+0.3,-22.938536632729768
NY-25,NY-25,NY,Joseph D Morelle,Generic Republican,843706.97,0.0,D+10.0,D+1.6,N/A,D+25.8,Safe D,99.31668567814485,0.6833143218551498,D+7.2,25.849865030556902
NY-26,NY-26,NY,Timothy Kennedy,Generic Republican,972706.05,0.0,D+10.0,D+5.5,N/A,D+30.6,Safe D,99.8242283026672,0.17577169733280584,D+11.0,30.59586563940263
OH-01,OH-01,OH,Greg Landsman,Eric Conroy,917881.24,219369.73500000002,D+1.9,D+1.4,N/A,D+5.9,Lean D,71.25292444460676,28.747075555393238,D+8.5,5.878670360478946
OH-02,OH-02,OH,Generic Democrat,David Taylor,0.0,433426.22,R+10.0,D+0.2,N/A,R+37.7,Safe R,0.016090488508279904,99.98390951149172,D+4.8,-37.707682107053714
OH-03,OH-03,OH,Joyce Beatty,Generic Republican,1854293.4700000002,0.0,D+10.0,D+0.6,N/A,D+50.2,Safe D,99.9999161850111,8.381498889775685e-05,D+9.5,50.20221948947418
OH-04,OH-04,OH,Tamara Wilson,James D Jordan,260409.965,5974212.885,R+4.4,R+0.1,N/A,R+39.9,Safe R,0.006972233640967086,99.99302776635903,D+3.1,-39.9307966598659
OH-05,OH-05,OH,Daniel Burket,Robert Edward Latta,0.0,861056.6799999999,R+4.4,R+2.9,N/A,R+21.5,Safe R,1.9949519077666689,98.00504809223334,D+2.4,-21.540102400117977
OH-06,OH-06,OH,Malcolm Ritchie,Michael Rulli,5624.0650000000005,513774.845,R+3.5,D+0.1,N/A,R+29.3,Safe R,0.2606589409589472,99.73934105904105,D+5.6,-29.28446885535573
OH-07,OH-07,OH,Edward O'Donnell Fitzgerald,Max Miller,28081.805,754379.3200000001,R+3.5,R+2.2,N/A,R+8.4,Likely R,21.245568910148883,78.75443108985112,D+2.8,-8.3645832636967
OH-08,OH-08,OH,Grady Marin,Warren Davidson,0.0,486007.255,R+3.6,R+1.0,N/A,R+12.7,Likely R,11.350636566900487,88.64936343309951,D+3.1,-12.664235363377477
OH-09,OH-09,OH,Marcy Hon Mc Kaptur,Derek Merrin,948627.44,308904.265,D+1.5,D+3.7,N/A,R+0.5,Toss-up,48.05884178217584,51.94115821782416,D+10.2,-0.5102724382238298
OH-10,OH-10,OH,Generic Democrat,Michael R Rep Turner,0.0,643081.97,R+10.0,R+6.3,N/A,R+7.9,Likely R,22.57195605796537,77.42804394203463,R+0.0,-7.893781459334733
OH-11,OH-11,OH,M Shontel Brown,James Terrelle Hemphill,807097.665,0.0,D+4.3,D+1.8,N/A,D+65.9,Safe D,99.99999998347747,1.6522534451723914e-08,D+10.4,65.87192151523567
OH-12,OH-12,OH,Jerrad Shane Christian,William Troy Balderson,6423.03,1094714.485,R+4.5,R+2.1,N/A,R+28.2,Safe R,0.35985728015604385,99.64014271984395,D+2.2,-28.173543082953046
OH-13,OH-13,OH,Emilia Sykes,Kevin Coughlin,975697.6000000001,351662.975,D+1.4,D+1.1,N/A,D+11.4,Likely D,86.19873619650268,13.80126380349732,D+8.1,11.418891708192469
OH-14,OH-14,OH,Bill Oneill,David P Joyce,0.0,1762528.95,R+5.4,R+4.4,N/A,R+19.6,Safe R,3.0870260046252067,96.9129739953748,D+0.9,-19.583602495313876
OH-15,OH-15,OH,Adam Clay Miller,Mike Carey,197037.755,1206379.87,R+2.4,R+1.9,N/A,R+5.6,Lean R,29.61530662661635,70.38469337338366,D+4.5,-5.613541297593556
OH-SEN,OH,OH,Sherrod Brown,Jon Husted,4049519.3,3326336.385,D+0.3,N/A,R+2.5,R+6.2,Lean R,27.622711345348705,72.3772886546513,D+5.1,-6.227725806075276
OK-01,OK-01,OK,John Thomas Croisant,Kevin Hern,29457.36,1707312.885,R+4.6,R+2.2,N/A,R+21.6,Safe R,1.9901304724466176,98.00986952755338,D+0.4,-21.55057428671325
OK-02,OK-02,OK,Erik Terwey,Josh Brecheen,4491.445,135770.905,R+1.8,D+1.4,N/A,R+51.0,Safe R,5.6285144606204094e-05,99.99994371485539,D+5.5,-51.03355884196659
OK-03,OK-03,OK,Jules Roberson,Frank D Lucas,222.5,593071.54,R+3.8,R+10.0,N/A,R+49.4,Safe R,0.0001231533420187313,99.99987684665798,R+3.7,-49.386463533695114
OK-04,OK-04,OK,Mitchell Leigh Jacob,Tom Cole,25137.235,2661041.1900000004,R+5.4,R+1.9,N/A,R+32.6,Safe R,0.09418086724768227,99.90581913275231,D+1.0,-32.58066692312586
OK-05,OK-05,OK,Generic Democrat,Stephanie Bice,0.0,1217627.855,R+10.0,R+1.8,N/A,R+17.6,Safe R,4.662178056026884,95.33782194397311,D+1.1,-17.595800436110096
OK-SEN,OK,OK,Troy Wesley Green,Markwayne Mullin,950.725,1539810.185,R+5.2,D+1.9,N/A,R+31.9,Safe R,0.11711484151942565,99.88288515848058,D+3.0,-31.899377052563608
OR-01,OR-01,OR,Suzanne Bonamici,Generic Republican,630792.255,0.0,D+10.0,D+1.4,N/A,D+48.7,Safe D,99.99982706505479,0.00017293494521197772,D+9.5,48.65631201055706
OR-02,OR-02,OR,Dawn Rasmussen,Cliff Bentz,9139.79,951964.8999999999,R+4.2,R+2.0,N/A,R+23.8,Safe R,1.1706878366541886,98.8293121633458,D+4.2,-23.76060620914531
OR-03,OR-03,OR,Maxine Dexter,Generic Republican,451733.23,0.0,D+10.0,R+1.7,N/A,D+54.5,Safe D,99.9999902228794,9.777120595799715e-06,D+7.0,54.54783147939223
OR-04,OR-04,OR,Valerie Hoyle,Raiph R Huber,559951.165,0.0,D+3.8,R+2.1,N/A,D+19.3,Safe D,96.71657422791739,3.2834257720826088,D+6.9,19.295586266333217
OR-05,OR-05,OR,Janelle Bynum,Patti Adair,1127773.945,0.0,D+4.7,R+2.9,N/A,D+14.8,Likely D,92.07443727514156,7.9255627248584375,D+5.8,14.781841177835942
OR-06,OR-06,OR,Andrea Salinas,David Honorable Russ,637380.215,10635.0,D+3.6,R+2.3,N/A,D+18.7,Safe D,96.29194980538088,3.708050194619119,D+7.0,18.718390744374116
OR-SEN,OR,OR,Jeffrey Alan Merkley,Timothy William Skelton,3217563.4949999996,0.0,D+6.3,D+0.5,N/A,D+21.7,Safe D,98.09293380912398,1.907066190876023,D+6.8,21.734455737401994
PA-01,PA-01,PA,Robert J Harvie,Brian Fitzpatrick,441905.2,4376928.34,R+3.3,R+6.6,N/A,R+1.1,Toss-up,45.950349921641674,54.049650078358326,R+1.4,-1.0659457385776436
PA-02,PA-02,PA,Brendan F Boyle,Generic Republican,2825942.6500000004,0.0,D+10.0,D+3.6,N/A,D+47.1,Safe D,99.99964888750903,0.00035111249097496966,D+10.9,47.09962380283164
PA-03,PA-03,PA,Dwight Evans,Generic Republican,283810.35,0.0,D+10.0,D+10.0,N/A,D+91.2,Safe D,100.0,0.0,D+12.9,91.16637768954216
PA-04,PA-04,PA,Madeleine Dean,Ismaine Ayouaz,1023677.44,49.5,D+4.6,D+1.2,N/A,D+23.4,Safe D,98.71586847313422,1.284131526865778,D+7.4,23.387021854722516
PA-05,PA-05,PA,Mary Gay Scanlon,Generic Republican,572775.95,0.0,D+10.0,D+1.0,N/A,D+36.1,Safe D,99.97156209839055,0.028437901609450478,D+7.2,36.12489148109054
PA-06,PA-06,PA,Chrissy Houlahan,Martin Young,2279786.195,115880.43,D+4.0,D+0.5,N/A,D+18.0,Safe D,95.72879174823318,4.271208251766822,D+6.5,18.03099561045678
PA-07,PA-07,PA,Ryan Crosswell,Ryan Edward Mackenzie,484212.51,1311960.87,R+1.4,D+1.1,N/A,D+1.4,Toss-up,55.17620886089013,44.82379113910987,D+4.6,1.363972223938708
PA-08,PA-08,PA,Paige Cognetti,Rob Bresnahan,278775.515,1839058.945,R+2.6,D+3.4,D+2.9,R+2.9,Lean R,38.929625163949304,61.070374836050696,D+5.6,-2.947294884570776
PA-09,PA-09,PA,Daniel Anthony Byron,Daniel Meuser,0.0,843282.0399999999,R+4.3,R+1.5,N/A,R+37.9,Safe R,0.01490910995133848,99.98509089004867,D+0.3,-37.91518333225223
PA-10,PA-10,PA,Janelle Stelson,Scott Perry,780128.135,1506006.075,R+0.9,D+2.0,D+3.9,R+1.0,Toss-up,46.01322875486914,53.98677124513086,D+4.2,-1.0493389894352472
PA-11,PA-11,PA,Nancy Mannion,Lloyd K Smucker,25527.305,1082321.565,R+4.1,R+2.2,N/A,R+22.0,Safe R,1.8033336346388034,98.1966663653612,R+0.4,-21.973907603888815
PA-12,PA-12,PA,Summer Lee,James Hayes,1029924.0449999999,3188.315,D+4.5,R+3.2,N/A,D+23.8,Safe D,98.82818687465004,1.1718131253499564,D+4.4,23.75674915322071
PA-13,PA-13,PA,Elizabeth Rhoads Farnham,John Joyce,7758.424999999999,2282862.535,R+5.5,R+1.4,N/A,R+46.0,Safe R,0.0005663442568304316,99.99943365574318,R+0.1,-46.021398862487644
PA-14,PA-14,PA,David Alan Bradstock,Guy Reschenthaler,3630.37,2164868.5100000002,R+5.6,D+0.1,N/A,R+32.4,Safe R,0.10022954780668869,99.89977045219331,D+1.2,-32.387331927901215
PA-15,PA-15,PA,Generic Democrat,Glenn Thompson,0.0,1402920.81,R+10.0,R+2.5,N/A,R+38.6,Safe R,0.011708217163336256,99.98829178283667,R+0.2,-38.566279260510115
PA-16,PA-16,PA,Generic Democrat,George J Kelly,0.0,1006954.22,R+10.0,R+2.3,N/A,R+22.4,Safe R,1.6347045304420296,98.36529546955796,D+0.6,-22.389500612069774
PA-17,PA-17,PA,Christopher Deluzio,Generic Republican,1000647.24,0.0,D+10.0,D+1.1,N/A,D+12.0,Likely D,87.30892047755403,12.691079522445975,D+6.4,11.962160262722419
RI-01,RI-01,RI,Gabriel F Amo,Generic Republican,961526.04,0.0,D+10.0,D+4.4,N/A,D+37.8,Safe D,99.98454225475028,0.015457745249719324,D+15.2,37.81697390683571
RI-02,RI-02,RI,Seth Magaziner,Victor Gilbert Mellor,836500.045,0.0,D+4.3,D+5.0,N/A,D+22.6,Safe D,98.42777553351668,1.5722244664833198,D+15.6,22.552844047298503
RI-SEN,RI,RI,John F Reed,Raymond Tyler Mckay,1895752.21,51763.255,D+4.4,D+6.0,N/A,D+26.1,Safe D,99.35959591429496,0.6404040857050433,D+11.9,26.09248164203771
SC-01,SC-01,SC,William Mac Deford,Nancy Mace,78958.26999999999,957808.1549999999,R+3.1,R+1.8,N/A,R+9.8,Likely R,17.576527819850636,82.42347218014936,D+3.4,-9.766089939630637
SC-02,SC-02,SC,Roger Keith Pruitt,Joe The Hon Wilson,15959.545,243082.935,R+2.2,R+2.7,N/A,R+10.7,Likely R,15.462946224598845,84.53705377540115,D+3.5,-10.658743651983292
SC-03,SC-03,SC,Generic Democrat,Sheri Biggs,0.0,289956.79500000004,R+10.0,R+1.6,N/A,R+38.7,Safe R,0.011003944781823108,99.98899605521818,D+4.9,-38.731839655593205
SC-04,SC-04,SC,Courtney Mcclain,William R Timmons,0.0,361436.80000000005,R+3.2,D+0.5,N/A,R+18.5,Safe R,3.879602511096224,96.12039748890378,D+5.5,-18.500483011000092
SC-05,SC-05,SC,Alex Harper,Ralph W Norman,20065.065,581604.815,R+3.3,R+2.2,N/A,R+19.7,Safe R,2.9952319654185757,97.00476803458142,D+3.4,-19.72344578441764
SC-06,SC-06,SC,James E Clyburn,Generic Republican,1608500.335,0.0,D+10.0,D+0.1,N/A,D+34.4,Safe D,99.94798364555521,0.05201635444478825,D+11.5,34.377357471977156
SC-07,SC-07,SC,John Gregory Vincent,Russell Fry,61522.884999999995,974055.99,R+3.3,R+1.8,N/A,R+22.2,Safe R,1.6924387503096285,98.30756124969037,D+4.4,-22.243250209186282
SC-SEN,SC,SC,Annie Andrews,Lindsey O Graham,2234742.0,12374010.905,R+2.5,D+0.8,N/A,R+13.7,Likely R,9.560483645818554,90.43951635418145,D+4.4,-13.70119111413219
SD-01,SD-AL,SD,Nicole Gronli,Dusty Johnson,12902.375,3883763.705,R+6.2,R+7.4,N/A,R+35.7,Safe R,0.033060949556056804,99.96693905044394,R+5.8,-35.69596090907158
SD-SEN,SD,SD,Julian C Beaudion,Mike Rounds,130270.81,1915569.27,R+3.6,R+10.0,N/A,R+34.6,Safe R,0.04845065641685872,99.95154934358314,R+4.7,-34.586855882753696
TN-01,TN-01,TN,Generic Democrat,Diana Harshbarger,0.0,1206845.08,R+10.0,R+0.4,N/A,R+56.3,Safe R,3.96356995002726e-06,99.99999603643005,D+2.2,-56.28015784556557
TN-02,TN-02,TN,Michaela Barnett,Tim Burchett,16348.46,773386.9650000001,R+3.8,R+2.3,N/A,R+32.4,Safe R,0.09904947304307612,99.90095052695692,D+1.9,-32.4241938978455
TN-03,TN-03,TN,Joel Derek Hawn,Charles J Fleischmann,104.875,2366376.86,R+5.8,R+1.1,N/A,R+34.8,Safe R,0.044597617122853754,99.95540238287714,D+1.5,-34.829937825910484
TN-04,TN-04,TN,Victoria Broderick,Scott Hon Desjarlais,33433.8,355751.075,R+2.4,D+0.2,N/A,R+39.8,Safe R,0.007224686133477794,99.99277531386652,D+4.3,-39.83850150974387
TN-05,TN-05,TN,Chaz Molder,Andy Ogles,415698.93,190554.995,D+1.0,D+0.2,N/A,R+11.9,Likely R,12.879959550977155,87.12004044902284,D+6.4,-11.867475729542114
TN-06,TN-06,TN,Craig Ballin,John W Rose,0.0,964651.5399999999,R+4.5,R+0.4,N/A,R+32.4,Safe R,0.10101964799359239,99.8989803520064,D+2.9,-32.362873560251934
TN-07,TN-07,TN,Aftyn Behn,Matthew Robert Van Epps,969760.57,877132.1399999999,D+0.1,D+0.4,N/A,R+15.9,Likely R,6.451636711686593,93.54836328831341,D+6.7,-15.912218264266004
TN-08,TN-08,TN,William Davis Wicker,David Kustoff,0.0,1956157.555,R+5.5,R+2.8,N/A,R+40.8,Safe R,0.005027374315058525,99.99497262568494,D+0.8,-40.7706384808963
TN-09,TN-09,TN,Steve I Cohen,Charlotte Bergmann,1057858.2,3890.84,D+4.5,D+1.1,N/A,D+52.7,Safe D,99.99997517151765,2.4828482352745596e-05,D+8.5,52.70397595483209
TN-SEN,TN,TN,Generic Democrat,Bill Hagerty,0.0,3499126.3499999996,R+10.0,R+1.7,N/A,R+28.7,Safe R,0.3061002515758746,99.69389974842413,D+1.4,-28.735343374600713
TX-01,TX-01,TX,Masika Akilah Ray,Nathaniel Quentin Moran,6991.705,843326.7,R+4.1,R+10.0,N/A,R+51.7,Safe R,4.030843542279707e-05,99.99995969156458,R+1.8,-51.72104645583366
TX-02,TX-02,TX,Shaun Finnie,Daniel Crenshaw,772721.065,1379940.475,R+0.8,R+3.8,N/A,R+21.0,Safe R,2.2521943438867003,97.7478056561133,D+2.1,-21.010212352228116
TX-03,TX-03,TX,Evan Hunt,Keith Alan Self,158033.09,226521.0,R+0.4,R+2.4,N/A,R+19.7,Safe R,3.026585264328678,96.97341473567133,D+4.3,-19.67528624629415
TX-04,TX-04,TX,Jason Pearce,Patrick Fallon,0.0,562754.855,R+3.8,R+2.1,N/A,R+22.3,Safe R,1.6666885795054338,98.33331142049457,D+2.9,-22.307943716125337
TX-05,TX-05,TX,Chelsey Alexandra Hockett,Lance Gooden,1302.5,817644.9550000001,R+4.2,R+0.5,N/A,R+18.0,Safe R,4.298281786423909,95.70171821357609,D+3.8,-17.999846374935764
TX-06,TX-06,TX,Danny Minton,John Kevin Ellzey,1996.65,2465570.12,R+5.8,R+1.4,N/A,R+21.2,Safe R,2.152030714723578,97.84796928527642,D+2.1,-21.210133628555916
TX-07,TX-07,TX,Elizabeth Fletcher,Generic Republican,1186258.295,0.0,D+10.0,D+0.9,N/A,D+35.1,Safe D,99.95878199206723,0.04121800793276975,D+10.9,35.05974760358423
TX-08,TX-08,TX,Laura Jones,Jessica Hart Steinmann,3637.1400000000003,318348.685,R+2.9,R+1.3,N/A,R+23.1,Safe R,1.3835205735104954,98.6164794264895,D+4.9,-23.082499306027895
TX-09,TX-09,TX,Alexander Green,Alexandra Mealer,514911.235,334669.765,D+0.6,D+10.0,N/A,R+4.8,Lean R,32.47864244764182,67.52135755235818,D+15.3,-4.7629467030402495
TX-10,TX-10,TX,Tayhlor Coleman,Brandon Hawbaker,63954.814999999995,3949.8199999999997,D+1.1,R+2.4,N/A,R+16.8,Likely R,5.468287949906822,94.53171205009318,D+6.1,-16.78358623386648
TX-11,TX-11,TX,Pedro Ruiz,August Lee Pfluger,0.0,2721144.75,R+6.0,R+10.0,N/A,R+39.2,Safe R,0.00923242515874483,99.99076757484126,R+4.4,-39.19691301645211
TX-12,TX-12,TX,Kenneth Morgan-Aguilera,Craig Goldman,1253.23,817136.015,R+4.2,R+2.2,N/A,R+21.5,Safe R,2.0361289504610918,97.96387104953891,D+2.7,-21.451532154898306
TX-13,TX-13,TX,Mark Nair,Ronny Lynn Jackson,6724.594999999999,2999339.38,R+6.0,R+10.0,N/A,R+51.1,Safe R,5.47461796507321e-05,99.99994525382034,R+4.4,-51.090972152788524
TX-14,TX-14,TX,Richard Harvey Davis,Randy Weber,0.0,709369.555,R+4.1,R+1.7,N/A,R+22.0,Safe R,1.7915335509561363,98.20846644904387,D+2.6,-22.00188475866489
TX-15,TX-15,TX,Bobby Pulido,Monica De La Cruz,169636.73500000002,2216390.5,R+3.5,D+1.8,R+2.1,R+8.1,Likely R,22.012499362385103,77.9875006376149,D+9.9,-8.090368409304018
TX-16,TX-16,TX,Veronica Escobar,Deliris Montanez Berrios (Dmb),468014.75,5541.764999999999,D+3.3,D+1.5,N/A,D+30.4,Safe D,99.81588689591133,0.18411310408866655,D+13.8,30.44402336851088
TX-17,TX-17,TX,James Gordon Mitchell,Pete Sessions,4892.66,558158.915,R+3.6,R+1.7,N/A,R+17.5,Safe R,4.73527862494088,95.26472137505912,D+4.4,-17.51771297403688
TX-18,TX-18,TX,Christian D Menefee,Carmen Montiel,1343299.7650000001,51561.985,D+3.9,R+0.5,N/A,D+65.6,Safe D,99.9999999809002,1.9099800852018234e-08,D+9.9,65.63540902919527
TX-19,TX-19,TX,Kyle Rable,Jodey Arrington,6727.365,2175952.7350000003,R+5.5,R+10.0,N/A,R+54.7,Safe R,8.977614357474736e-06,99.99999102238564,R+2.5,-54.713711263497984
TX-20,TX-20,TX,Joaquin Castro,Edgardo Rafael Baez,299732.745,14561.475,D+2.5,D+10.0,N/A,D+45.2,Safe D,99.99919840874871,0.000801591251288869,D+16.3,45.22318137206415
TX-21,TX-21,TX,Gary Frank Taylor,Chip Roy,11950.29,1926056.01,R+5.2,R+1.1,N/A,R+18.7,Safe R,3.734166829023912,96.2658331709761,D+3.4,-18.68469303487118
TX-22,TX-22,TX,Marquette Greene-Scott,Troy Nehls,11137.21,444665.12,R+3.1,R+2.4,N/A,R+19.9,Safe R,2.885381321302334,97.11461867869767,D+2.8,-19.895548669548123
TX-23,TX-23,TX,Santos M Limon,Ernest Anthony Tony Gonzales,181785.0,1715734.73,R+3.0,R+4.5,N/A,R+11.9,Likely R,12.73316953976125,87.26683046023875,D+3.0,-11.940976373752196
TX-24,TX-24,TX,Jon Buchwald,Elizabeth Ann Van Duyne,75996.1,2047108.0550000002,R+4.2,R+2.5,N/A,R+14.7,Likely R,7.9754703877489215,92.02452961225107,D+1.6,-14.746484293936286
TX-25,TX-25,TX,William James Marks,Roger Williams,31482.545000000002,932254.845,R+3.7,R+10.0,N/A,R+26.3,Safe R,0.5981192537678202,99.40188074623218,R+2.0,-26.346067549293455
TX-26,TX-26,TX,Ernest Robinson Lineberger,Brandon Gill,55441.064999999995,981791.46,R+3.4,R+1.5,N/A,R+21.2,Safe R,2.166630173282189,97.83336982671781,D+2.9,-21.180510998280354
TX-27,TX-27,TX,Tanya W Lloyd,Michael Cloud,33337.705,525675.52,R+2.9,R+1.2,N/A,R+18.8,Safe R,3.6264304508186664,96.37356954918134,D+2.6,-18.82496892067451
TX-28,TX-28,TX,Henry R Cuellar,Juan Esparza,732952.2050000001,32403.99,D+3.4,D+6.4,N/A,D+8.3,Likely D,78.56490253093298,21.435097469067017,D+18.7,8.296290612914005
TX-29,TX-29,TX,Sylvia R Garcia,Generic Republican,576625.995,0.0,D+10.0,D+5.1,N/A,D+45.4,Safe D,99.99925144440624,0.0007485555937591926,D+14.5,45.381482997006046
TX-30,TX-30,TX,Jasmine Crockett,Sholdon Daniels,5871176.475,81448.73000000001,D+5.7,D+10.0,N/A,D+65.7,Safe D,99.99999998194544,1.8054564066005696e-08,D+17.9,65.72733378611287
TX-31,TX-31,TX,Caitlin Mcclay Rourk,John R Rep Carter,89004.56,463800.315,R+2.0,R+2.8,N/A,R+19.6,Safe R,3.070877248285001,96.929122751715,D+2.5,-19.607952293339178
TX-32,TX-32,TX,Julie Johnson,Ryan Binkley,787495.63,585328.115,D+0.4,R+0.1,N/A,R+11.6,Likely R,13.456054067823015,86.54394593217698,D+6.5,-11.584491359890512
TX-33,TX-33,TX,Marc Allison Veasey,Kurt Schwab,1206365.035,3454.6549999999997,D+4.7,D+1.9,N/A,D+46.4,Safe D,99.9995210088183,0.0004789911816942549,D+13.1,46.40181404590442
TX-34,TX-34,TX,Vicente Gonzalez,Charles Scott Mandel,948102.3049999999,500067.495,D+0.9,D+3.5,N/A,D+1.9,Toss-up,57.05683091075314,42.94316908924686,D+12.1,1.8640748597420354
TX-35,TX-35,TX,Whitney Masterson-Moyes,Joshua Cortez,27054.690000000002,106488.14,R+1.1,D+0.7,N/A,R+3.6,Lean R,36.43752867276771,63.56247132723229,D+6.9,-3.6353301414511643
TX-36,TX-36,TX,Doug Rogers,Brian Babin,0.0,776886.5449999999,R+4.2,R+1.0,N/A,R+20.6,Safe R,2.4528119185085164,97.54718808149148,D+4.6,-20.63134255538133
TX-37,TX-37,TX,Lloyd Doggett,Lauren B Pena,3314670.315,29031.105,D+5.6,D+0.5,N/A,D+68.0,Safe D,99.99999999574747,4.252527219250624e-09,D+10.3,68.04828471348289
TX-38,TX-38,TX,Marvalette Hunter,Wesley Hunt,45852.100000000006,3101117.945,R+5.2,R+2.4,N/A,R+20.1,Safe R,2.789189942019907,97.2108100579801,D+1.2,-20.050783846658202
TX-SEN,TX,TX,James Talarico,John Cornyn,3789290.38,4414875.12,R+0.2,R+2.0,R+2.8,R+9.9,Likely R,17.331846586045618,82.66815341395439,D+4.0,-9.86576036636173
UT-01,UT-01,UT,Anthony Tomkins,Blake Moore,119.52,1744252.645,R+5.4,R+5.5,N/A,D+22.2,Safe D,98.29547588863889,1.7045241113611098,R+2.1,22.213177318184513
UT-02,UT-02,UT,Peter Crosby,Celeste Maloy,0.0,358943.2,R+3.2,R+1.7,N/A,R+28.9,Safe R,0.2938992924168604,99.70610070758313,D+1.0,-28.87515495866384
UT-03,UT-03,UT,Steven Merrill,Mike Kennedy,0.0,452016.23000000004,R+3.5,R+6.7,N/A,R+44.0,Safe R,0.0013562541338662825,99.99864374586613,R+1.6,-43.98974854059359
UT-04,UT-04,UT,Jonathan Larsen,Burgess Owens,12516.050000000001,582862.52,R+3.5,R+3.3,N/A,R+33.5,Safe R,0.06975510789693919,99.93024489210306,R+0.1,-33.49968049796723
VA-01,VA-01,VA,Shannon Leigh Taylor,Robert J Wittman,199081.13,1864505.42,R+3.1,R+3.9,R+0.1,R+2.2,Toss-up,41.550442528029805,58.449557471970195,D+2.8,-2.237124602558764
VA-02,VA-02,VA,James Osyf,Jennifer Kiggans,259174.745,1933555.08,R+2.8,R+1.8,N/A,D+4.1,Lean D,65.23222452330717,34.76777547669283,D+4.4,4.105063345861348
VA-03,VA-03,VA,Robert C Scott,Generic Republican,340719.23,0.0,D+10.0,D+2.7,N/A,D+46.3,Safe D,99.99950031278459,0.0004996872154094945,D+11.1,46.30602653141633
VA-04,VA-04,VA,Jennifer Mcclellan,Generic Republican,572892.435,0.0,D+10.0,D+1.1,N/A,D+43.3,Safe D,99.99816890426811,0.0018310957318874443,D+10.1,43.27135337043685
VA-05,VA-05,VA,Mike Pruitt,John Mcguire,154274.245,597447.83,R+1.7,R+1.4,N/A,R+6.0,Lean R,28.474916638576452,71.52508336142355,D+6.4,-5.962550718920085
VA-06,VA-06,VA,Pete Hamilton Barlow,Benjamin Lee Cline,40435.675,574203.1950000001,R+2.9,R+2.2,N/A,R+20.0,Safe R,2.8079811111099495,97.19201888889005,D+4.1,-20.020111874381552
VA-07,VA-07,VA,Yevgeny 'Eugene' Vindman,Tara Anne Durant,3894885.9699999997,179430.865,D+4.3,R+0.1,N/A,D+12.7,Likely D,88.72069973345967,11.279300266540332,D+9.8,12.703209679103004
VA-08,VA-08,VA,Donald Sternoff Beyer,Tony Sabio,1172578.7650000001,747.0500000000001,D+4.8,R+1.4,N/A,D+60.7,Safe D,99.99999964248647,3.5751352811530523e-07,D+9.8,60.66804536306237
VA-09,VA-09,VA,Adam Murphy,H Morgan Griffith,3672.34,897922.3799999999,R+4.3,R+0.6,N/A,R+39.3,Safe R,0.008817856903198085,99.99118214309681,D+5.1,-39.317829191112175
VA-10,VA-10,VA,Suhas Subramanyam,Generic Republican,413102.265,0.0,D+10.0,R+1.9,N/A,D+17.2,Likely D,94.92979678485031,5.070203215149689,D+8.6,17.171809790844385
VA-11,VA-11,VA,James Walkinshaw,Stewart Whitson,1252934.3299999998,268076.89,D+2.1,R+0.2,N/A,D+44.3,Safe D,99.99881675778137,0.0011832422186301983,D+9.0,44.31283336310965
VA-SEN,VA,VA,Mark Robert Warner,Kim Farington,8877403.445,64292.44500000001,D+6.5,D+0.9,N/A,D+13.8,Likely D,90.6057635897275,9.394236410272498,D+7.9,13.80448421892176
VT-01,VT-AL,VT,Rebecca 'Becca' Balint,C Mark Coester,429677.48,3604.5300000000007,D+3.3,D+10.0,N/A,D+45.9,Safe D,99.99941355703893,0.0005864429610653588,D+13.2,45.941843440446185
WA-01,WA-01,WA,Suzan K Delbene,Generic Republican,2035839.775,0.0,D+10.0,R+1.2,N/A,D+35.8,Safe D,99.96834514898008,0.0316548510199226,D+6.1,35.82018221710118
WA-02,WA-02,WA,Rick Larsen,Generic Republican,885608.02,0.0,D+10.0,D+2.2,N/A,D+31.4,Safe D,99.86463459189179,0.13536540810821407,D+7.0,31.439705318465254
WA-03,WA-03,WA,Marie Gluesenkamp Perez,John Braun,1506774.565,265159.395,D+2.4,D+3.6,N/A,D+3.5,Lean D,62.99333110214946,37.00666889785054,D+6.9,3.476920490410468
WA-04,WA-04,WA,John Duresky,Dan Newhouse,2281.1400000000003,548595.995,R+3.7,R+10.0,N/A,R+25.1,Safe R,0.8289276674658573,99.17107233253414,R+3.9,-25.1161285760714
WA-05,WA-05,WA,Carmela Conroy,Michael James Baumgartner,116609.0,626071.65,R+2.1,R+5.2,N/A,R+11.6,Likely R,13.358892564726476,86.64110743527353,R+0.5,-11.631624757492045
WA-06,WA-06,WA,Emily Randall,Generic Republican,505803.54000000004,0.0,D+10.0,R+2.8,N/A,D+23.2,Safe D,98.67063951277555,1.3293604872244487,D+3.4,23.246007070345485
WA-07,WA-07,WA,Pramila Jayapal,Generic Republican,2253847.61,0.0,D+10.0,R+3.4,N/A,D+82.0,Safe D,99.99999999999973,2.7000623958883807e-13,D+4.4,81.97456717535856
WA-08,WA-08,WA,Kim Schrier,Andres R Valleza,1937541.3850000002,0.0,D+5.5,D+1.2,N/A,D+13.4,Likely D,89.90172301772962,10.098276982270377,D+7.4,13.375831530325785
WA-09,WA-09,WA,D Adam Smith,Janis Meneatrice Clark,858285.835,0.0,D+4.3,D+10.0,N/A,D+57.2,Safe D,99.99999753355281,2.4664471851565395e-06,D+14.5,57.170501325344375
WA-10,WA-10,WA,Marilyn Strickland,Generic Republican,933075.235,0.0,D+10.0,R+0.3,N/A,D+23.4,Safe D,98.72127510620064,1.2787248937993638,D+4.8,23.40416486290414
WI-01,WI-01,WI,Mitchell Berman,Bryan George Steil,74150.07,2692708.86,R+4.6,R+2.8,N/A,R+4.8,Lean R,32.32877577485858,67.67122422514143,R+0.2,-4.806650076170145
WI-02,WI-02,WI,Mark Pocan,Erik Olsen,940856.785,3414.6,D+4.4,D+0.0,N/A,D+46.7,Safe D,99.9995767100019,0.00042328999809626566,D+5.9,46.68072474374055
WI-03,WI-03,WI,Rebecca Cooke,Derrick F Van Orden,2002356.0550000002,2801196.295,R+0.5,D+2.3,N/A,R+1.5,Toss-up,44.20794645497392,55.79205354502608,D+6.0,-1.527343226915495
WI-04,WI-04,WI,Gwen S Moore,Generic Republican,520174.81,0.0,D+10.0,D+0.4,N/A,D+58.6,Safe D,99.9999988416596,1.1583403960457872e-06,D+6.1,58.56267891639519
WI-05,WI-05,WI,Andrew Beck,Scott Fitzgerald,2304.345,858416.665,R+4.3,R+3.4,N/A,R+23.1,Safe R,1.361929101247674,98.63807089875233,R+0.7,-23.14700961602857
WI-06,WI-06,WI,Aaron Michael Wojciechowski,Glenn S Grothman,30546.93,589567.02,R+3.1,R+3.0,N/A,R+15.9,Likely R,6.46479979337794,93.53520020662206,D+0.8,-15.90128089045072
WI-07,WI-07,WI,Christopher Campbell Armstrong,Jessi Ebben,7749.865,45801.16,R+0.8,R+2.3,N/A,R+20.0,Safe R,2.8199738361581037,97.1800261638419,D+2.8,-20.000625929138593
WI-08,WI-08,WI,Rick Crosson,Tony Wied,0.0,373079.135,R+3.2,D+0.8,N/A,R+13.6,Likely R,9.699691561621021,90.30030843837898,D+2.8,-13.61571028546766
WV-01,WV-01,WV,Britta Aguirre,Carol Devine Miller,58335.315,707642.345,R+2.9,D+2.1,N/A,R+40.1,Safe R,0.006534343391223373,99.99346565660878,D+5.1,-40.098620944654975
WV-02,WV-02,WV,"Steven Commander,() Wendelin",Riley Moore,951.79,524914.145,R+3.6,R+1.0,N/A,R+38.6,Safe R,0.01174424516788819,99.98825575483211,D+1.8,-38.558063344480644
WV-SEN,WV,WV,Zachary C Shrewsbury,Shelley Moore Capito,139838.445,2338621.545,R+3.8,R+1.8,N/A,R+43.8,Safe R,0.0014686594313528534,99.99853134056865,D+1.6,-43.80024114705261
WY-01,WY-AL,WY,Generic Democrat,Harriet Hageman,0.0,1183381.57,R+10.0,D+0.3,N/A,R+47.2,Safe R,0.0003337771106059976,99.99966622288939,R+0.3,-47.212489198584834
WY-SEN,WY,WY,Generic Democrat,Cynthia Marie Lummis,0.0,1180531.295,R+10.0,R+10.0,N/A,R+54.2,Safe R,1.1932943111414348e-05,99.99998806705689,R+4.4,-54.15853776663306
MN-03,MN-03,MN,Kelly Morrison,,0.0,0.0,N/A,D+10.0,N/A,D+33.8,Safe D,99.93634438076535,0.0636556192346518,D+12.1,33.775487649625994
